Workbook

Sheet 1.1 HR-Ho so nhan su
A1: HỒ SƠ NHÂN SỰ
A3: STT | B3: Mã nhân viên | C3: Phòng | D3: Tên nhân viên (khôngdấu) | E3: Tên nhân viên | F3: VP | G3: Chức vụ | H3: Cấp bậc | K3: Hợp đồng LD - Trạng thái | L3: Ngày (Hợp đồng) | P3: Ngày sinh | Q3: Giới tính | R3: Số điện thoại | S3: Hộ khẩu | T3: Nơi tạm trú/Chỗ ở hiện tại | U3: CMND | V3: Ngày cấp | W3: Nơi cấp | X3: Email cá nhân | Y3: Email cấp quản lý | Z3: Hồ sơ giảm trừ gia cảnh | AD3: Mã số thuế cá nhân | AF3: Maritimebank (1. MSB) | AJ3: Ngân hàng khác hệ thống MSB (2. TPB; 3. VCB) | AN3: Ngân hàng ưu tiên thanh toán
C4: Phòng | D4: Tên nhân viên (khôngdấu) | E4: Tên nhân viên | F4: VP | G4: Chức vụ | H4: Cấp bậc tháng trước | I4: Cấp bậc điều chỉnh trong tháng | J4: Ngày điều chỉnh | K4: Hợp đồng LD | L4: Bắt đầu CTV/TT | M4: Bắt đầu Thử việc | N4: Bắt đầu Chính thức | O4: Ngày nghỉ việc | P4: Ngày sinh | Q4: Giới tính | R4: Số điện thoại | S4: Hộ khẩu | T4: Nơi tạm trú/Chỗ ở hiện tại | U4: CMND | V4: Ngày cấp | W4: Nơi cấp | X4: Email cá nhân | Y4: Email cấp quản lý | Z4: Số người phụ thuộc | AA4: Tháng bắt đầu giảm trừ | AB4: Tháng kết thúc giảm trừ | AC4: Tình trạng nộp hồ sơ GTGC | AD4: Mã số thuế cá nhân | AE4: Đơn vị cấp | AF4: Tài khoản thụ hưởng | AG4: Tên người thụ hưởng | AH4: Mã chi nhánh Ngân hàng thụ hưởng | AI4: Chi nhánh | AJ4: Số TK | AK4: Tên TK | AL4: Mã Chi nhánh theo MSB | AM4: Chi nhánh | AN4: Thông tin ngân hàng ưu tiên thanh toán | AO4: Số TK | AP4: Tên TK | AQ4: Mã Chi nhánh theo MSB | AR4: Chi nhánh | AS4: Ghi chú
B5: 1 | C5: 2 | D5: 3 | E5: 4 | F5: 5 | G5: 6 | H5: 7 | I5: 8 | J5: 9 | K5: 10 | L5: 11 | M5: 12 | N5: 13 | O5: 14 | P5: 15 | Q5: 16 | R5: 17 | S5: 18 | T5: 19 | U5: 20 | V5: 21 | W5: 22 | X5: 23 | Y5: 24 | Z5: 25 | AA5: 26 | AB5: 27 | AC5: 28 | AD5: 29 | AE5: 30 | AF5: 31 | AG5: 32 | AH5: 33 | AI5: 34 | AJ5: 35 | AK5: 36 | AL5: 37 | AM5: 38 | AN5: 39 | AO5: 40 | AP5: 41 | AQ5: 42 | AR5: 43 | AS5: 44
A6: 1 | B6: ADS01 | C6: BD01 HN | D6: NguyenVanA | E6: Nguyễn Văn A | F6: HN | G6: Trưởng phòng | H6: TP C1 | K6: CT | L6: 0 | M6: 42736 | N6: 42795 | O6: 0 | P6: 32143 | Q6: Nam | R6: 123456789 | S6: HN | T6: CG HN | U6: 1001 | V6: 36526 | W6: HN | X6: anv@novaon.vn | Y6: bom@novaon.vn | Z6: 1 | AA6: 1 | AB6: 0 | AC6: Đã nộp | AD6: 2001 | AE6: HN | AF6: MSB001 | AG6: Nguyễn Văn A | AH6: KHA | AI6: HN | AJ6: TPB001 | AK6: Nguyễn Văn A | AL6: KHB | AM6: HN | AN6: 2. TPB | AO6: =AJ6 -> TPB001 | AP6: =AK6 -> Nguyễn Văn A | AQ6: =AL6 -> KHB | AR6: =AM6 -> HN
A7: 2 | B7: ADS02 | C7: BD01 HN | D7: NguyenVanB | E7: Nguyễn Văn B | F7: HN | G7: Nhân viên | H7: C1 | K7: CT | L7: 0 | M7: 42736 | N7: 42795 | O7: 0 | P7: 32143 | Q7: Nam | R7: 23456789 | S7: HN | T7: CG HN | U7: 1002 | V7: 36527 | W7: HN | X7: bnv@novaon.vn | Y7: anv@novaon.vn | Z7: 2 | AA7: 2 | AB7: 0 | AC7: Đã nộp | AD7: 2002 | AE7: HN | AF7: MSB002 | AG7: Nguyễn Văn B | AH7: KHA | AI7: HN | AJ7: TPB002 | AK7: Nguyễn Văn B | AL7: KHB | AM7: HN | AN7: 2. TPB | AO7: =AJ7 -> TPB002 | AP7: =AK7 -> Nguyễn Văn B | AQ7: =AL7 -> KHB | AR7: =AM7 -> HN
A8: 3 | B8: ADS03 | C8: BD02 HN | D8: NguyenVanC | E8: Nguyễn Văn C | F8: HN | G8: Trưởng phòng | H8: TP C2 | K8: CT | L8: 0 | M8: 42736 | N8: 42795 | O8: 0 | P8: 32143 | Q8: Nam | R8: 3456789 | S8: HN | T8: CG HN | U8: 1003 | V8: 36528 | W8: HN | X8: cnv@novaon.vn | Y8: bom@novaon.vn | Z8: 3 | AA8: 3 | AB8: 0 | AC8: Đã nộp | AD8: 2003 | AE8: HN | AF8: MSB003 | AG8: Nguyễn Văn C | AH8: KHA | AI8: HN | AJ8: TPB003 | AK8: Nguyễn Văn C | AL8: KHB | AM8: HN | AN8: 2. TPB | AO8: =AJ8 -> TPB003 | AP8: =AK8 -> Nguyễn Văn C | AQ8: =AL8 -> KHB | AR8: =AM8 -> HN
A9: 4 | B9: ADS04 | C9: BD02 HN | D9: NguyenVanD | E9: Nguyễn Văn D | F9: HN | G9: Nhân viên | H9: C2 | K9: CT | L9: 0 | M9: 42736 | N9: 42795 | O9: 0 | P9: 32143 | Q9: Nam | R9: 456789 | S9: HN | T9: CG HN | U9: 1004 | V9: 36529 | W9: HN | X9: dnv@novaon.vn | Y9: cnv@novaon.vn | Z9: 4 | AA9: 4 | AB9: 0 | AC9: Đã nộp | AD9: 2004 | AE9: HN | AF9: MSB004 | AG9: Nguyễn Văn D | AH9: KHA | AI9: HN | AJ9: TPB004 | AK9: Nguyễn Văn D | AL9: KHB | AM9: HN | AN9: 2. TPB | AO9: =AJ9 -> TPB004 | AP9: =AK9 -> Nguyễn Văn D | AQ9: =AL9 -> KHB | AR9: =AM9 -> HN
A10: 5 | B10: ADS05 | C10: BD02 HN | D10: NguyenVanE | E10: Nguyễn Văn E | F10: HN | G10: Nhân viên | H10: C3 | K10: CT | L10: 0 | M10: 42736 | N10: 42795 | O10: 0 | P10: 32143 | Q10: Nam | R10: 56789 | S10: HN | T10: CG HN | U10: 1005 | V10: 36530 | W10: HN | X10: env@novaon.vn | Y10: cnv@novaon.vn | Z10: 5 | AA10: 5 | AB10: 0 | AC10: Đã nộp | AD10: 2005 | AE10: HN | AF10: MSB005 | AG10: Nguyễn Văn E | AH10: KHA | AI10: HN | AJ10: TPB005 | AK10: Nguyễn Văn E | AL10: KHB | AM10: HN | AN10: 2. TPB | AO10: =AJ10 -> TPB005 | AP10: =AK10 -> Nguyễn Văn E | AQ10: =AL10 -> KHB | AR10: =AM10 -> HN
A11: 6 | B11: ADS06 | C11: BD03 SG | D11: NguyenVanF | E11: Nguyễn Văn F | F11: HCM | G11: Trưởng phòng | H11: TP C3 | K11: CT | L11: 0 | M11: 42736 | N11: 42795 | O11: 0 | P11: 32143 | Q11: Nam | R11: 6789 | S11: HN | T11: CG HN | U11: 1006 | V11: 36531 | W11: HN | X11: fnv@novaon.vn | Y11: bom@novaon.vn | Z11: 6 | AA11: 6 | AB11: 0 | AC11: Đã nộp | AD11: 2006 | AE11: HN | AF11: MSB006 | AG11: Nguyễn Văn F | AH11: KHA | AI11: HN | AJ11: TPB006 | AK11: Nguyễn Văn F | AL11: KHB | AM11: HN | AN11: 2. TPB | AO11: =AJ11 -> TPB006 | AP11: =AK11 -> Nguyễn Văn F | AQ11: =AL11 -> KHB | AR11: =AM11 -> HN
A12: 7 | B12: ADS07 | C12: BD03 SG | D12: NguyenVanG | E12: Nguyễn Văn G | F12: HCM | G12: Nhân viên | H12: C4 | K12: CT | L12: 0 | M12: 42736 | N12: 42795 | O12: 0 | P12: 32143 | Q12: Nam | R12: 789 | S12: HN | T12: CG HN | U12: 1007 | V12: 36532 | W12: HN | X12: gnv@novaon.vn | Y12: fnv@novaon.vn | Z12: 7 | AA12: 7 | AB12: 0 | AC12: Đã nộp | AD12: 2007 | AE12: HN | AF12: MSB007 | AG12: Nguyễn Văn G | AH12: KHA | AI12: HN | AJ12: TPB007 | AK12: Nguyễn Văn G | AL12: KHB | AM12: HN | AN12: 2. TPB | AO12: =AJ12 -> TPB007 | AP12: =AK12 -> Nguyễn Văn G | AQ12: =AL12 -> KHB | AR12: =AM12 -> HN
A13: 8 | B13: ADS08 | C13: BD03 SG | D13: NguyenVanH | E13: Nguyễn Văn H | F13: HCM | G13: Nhân viên | H13: S1 | K13: CT | L13: 0 | M13: 42736 | N13: 42795 | O13: 0 | P13: 32143 | Q13: Nam | R13: 89 | S13: HN | T13: CG HN | U13: 1008 | V13: 36533 | W13: HN | X13: hnv@novaon.vn | Y13: fnv@novaon.vn | Z13: 8 | AA13: 8 | AB13: 0 | AC13: Đã nộp | AD13: 2008 | AE13: HN | AF13: MSB008 | AG13: Nguyễn Văn H | AH13: KHA | AI13: HN | AJ13: TPB008 | AK13: Nguyễn Văn H | AL13: KHB | AM13: HN | AN13: 2. TPB | AO13: =AJ13 -> TPB008 | AP13: =AK13 -> Nguyễn Văn H | AQ13: =AL13 -> KHB | AR13: =AM13 -> HN
A14: 9 | B14: ADS09 | C14: HR HN | D14: NguyenVanI | E14: Nguyễn Văn I | F14: HN | G14: Trưởng phòng | H14: TP KPC | K14: CT | L14: 0 | M14: 42736 | N14: 42795 | O14: 0 | P14: 32143 | Q14: Nam | R14: 9 | S14: HN | T14: CG HN | U14: 1009 | V14: 36534 | W14: HN | X14: inv@novaon.vn | Y14: bom@novaon.vn | Z14: 9 | AA14: 9 | AB14: 0 | AC14: Đã nộp | AD14: 2009 | AE14: HN | AF14: MSH009 | AG14: Nguyễn Văn I | AH14: KHA | AI14: HN | AJ14: TPB009 | AK14: Nguyễn Văn I | AL14: KHB | AM14: HN | AN14: 2. TPB | AO14: =AJ14 -> TPB009 | AP14: =AK14 -> Nguyễn Văn I | AQ14: =AL14 -> KHB | AR14: =AM14 -> HN
A15: 10 | B15: ADS10 | C15: HR HN | D15: NguyenVanK | E15: Nguyễn Văn K | F15: HN | G15: Nhân viên | H15: C1 | K15: CT | L15: 0 | M15: 42736 | N15: 42795 | O15: 0 | P15: 32143 | Q15: Nam | R15: 10 | S15: HN | T15: CG HN | U15: 1010 | V15: 36535 | W15: HN | X15: knv@novaon.vn | Y15: inv@novaon.vn | Z15: 10 | AA15: 10 | AB15: 0 | AC15: Đã nộp | AD15: 2010 | AE15: HN | AF15: MSH0010 | AG15: Nguyễn Văn K | AH15: KHA | AI15: HN | AJ15: TPB010 | AK15: Nguyễn Văn K | AL15: KHB | AM15: HN | AN15: 2. TPB | AO15: =AJ15 -> TPB010 | AP15: =AK15 -> Nguyễn Văn K | AQ15: =AL15 -> KHB | AR15: =AM15 -> HN

Sheet 1.2 HR-Data luong
A1: Ngày đủ công trong tháng: | D1: 22.5 | P1: ERP | Q1: ERP | R1: ERP | AA1: ERP | AB1: ERP | AC1: ERP
A2: STT | B2: MA NHAN VIEN | C2: PHONG | D2: TEN NHAN VIEN (KO DAU) | E2: TEN NHAN VIEN | F2: VP | G2: CHUC VU | H2: CAP BAC | I2: HD | J2: EMAIL | K2: Email cấp quản lý | L2: MUC LUONG HUONG | P2: CHAM CONG | S2: MUC DONG BHXH | W2: Phụ cấp thâm niên | AA2: Công tính % thâm niên | AD2: HO TRO LATOP | AF2: PHỤ CẤP BD | AH2: Phụ cấp theo ngày công thực tế | AL2: Phạt | AQ2: BHXH | AT2: BHYT | AW2: BHTN | AZ2: KPCĐ | BC2: Tổng khấu trừ nhân viên | BD2: Tổng Công ty chi trả | BE2: Quỹ văn hóa | BF2: Nghỉ việc | BG2: Ghi chú - Hoãn thanh toán lương
L3: LUONG THANG TRUOC | M3: LUONG DIEU CHINH | N3: NGAY DIEU CHINH | O3: NOI DUNG DIEU CHINH | P3: Tổng ngày công hưởng lương | R3: Tổng | S3: LUONG THANG TRUOC | T3: LUONG DIEU CHINH | U3: NGAY DIEU CHINH | V3: NOI DUNG DIEU CHINH | W3: % được hưởng tháng trước | X3: % điều chỉnh | Y3: Ngày điều chỉnh | Z3: Nội dung điều chỉnh | AA3: Tổng ngày công hưởng lương | AC3: Tổng | AD3: Mức hỗ trợ | AE3: Số ngày hỗ trợ | AF3: Mức hỗ trợ | AG3: Số ngày hỗ trợ | AH3: Phụ cấp xăng xe | AI3: Phụ cấp điện thoại | AJ3: Phụ cấp khác | AK3: Tổng phụ cấp | AL3: Phạt đi muộn | AN3: Phạt khác | AP3: Tổng phạt | AQ3: Nhân viên đóng | AR3: Công ty chi trả | AS3: Tổng | AT3: Nhân viên đóng | AU3: Công ty chi trả | AV3: Tổng | AW3: Nhân viên đóng | AX3: Công ty chi trả | AY3: Tổng | AZ3: Nhân viên đóng | BA3: Công ty chi trả | BB3: Tổng
C4: Phòng | D4: Tên nhân viên (khôngdấu) | E4: Tên nhân viên | F4: VP | G4: Chức vụ | H4: Cấp bậc | I4: Hợp đồng LD | J4: Email cấp quản lý | K4: Email cấp quản lý | P4: Trước điều chỉnh | Q4: Sau điều chỉnh | AA4: Trước điều chỉnh | AB4: Sau điều chỉnh | AH4: Phụ cấp xăng xe, điện thoại | AI4: Phụ cấp xăng xe, điện thoại | AJ4: Phụ cấp khác | AL4: Số phút | AM4: Tiền phạt | AN4: Số tiền | AO4: Lý do | AQ4: 0.08 | AR4: 0.175 | AT4: 0.015 | AU4: 0.03 | AW4: 0.01 | AX4: 0.01 | AZ4: 0.01 | BA4: 0.02
A5: # | B5: 1 | C5: 2 | D5: 3 | E5: 4 | F5: 5 | G5: 6 | H5: 7 | I5: 8 | J5: 9 | K5: 10 | L5: 11 | M5: 12 | N5: 13 | O5: 14 | P5: 15 | Q5: 16 | R5: 17 | S5: 18 | T5: 19 | U5: 20 | V5: 21 | W5: 22 | X5: 23 | Y5: 24 | Z5: 25 | AA5: 26 | AB5: 27 | AC5: 28 | AD5: 29 | AE5: 30 | AF5: 31 | AG5: 32 | AH5: 33 | AI5: 34 | AJ5: 35 | AK5: 36 | AL5: 37 | AM5: 38 | AN5: 39 | AO5: 40 | AP5: 41 | AQ5: 42 | AR5: 43 | AS5: 44 | AT5: 45 | AU5: 46 | AV5: 47 | AW5: 48 | AX5: 49 | AY5: 50 | AZ5: 51 | BA5: 52 | BB5: 53 | BC5: 54 | BD5: 55 | BE5: 56 | BF5: 57 | BG5: 58
A6: 1 | B6: ADS01 | C6: BD01 HN | D6: NguyenVanA | E6: Nguyễn Văn A | F6: HN | G6: Trưởng phòng | H6: TP C1 | I6: CT | J6: anv@novaon.vn | K6: bom@novaon.vn | L6: 1000000 | M6: 5000000 | N6: 42919 | O6: Tăng lương do tăng cấp | P6: 4 | Q6: 18.5 | R6: 20.5 | S6: 1000000 | T6: 0 | U6: 0 | V6: 0 | W6: 0.01 | X6: 0.02 | Y6: 42917 | Z6: Đủ 3 năm công tác | AA6: 2 | AB6: 20.5 | AC6: =SUM(AA6:AB6) -> 22.5 | AD6: 200000 | AE6: 15 | AF6: 200000 | AG6: 15 | AH6: 0 | AI6: 0 | AJ6: 500000 | AK6: 500000 | AL6: 16 | AM6: 0 | AN6: 0 | AO6: 0 | AP6: =SUM(AM6:AN6) -> 0 | AQ6: 520000 | AR6: 1170000 | AS6: 1690000 | AT6: 97500 | AU6: 195000 | AV6: 292500 | AW6: 65000 | AX6: 65000 | AY6: 130000 | AZ6: 65000 | BA6: 130000 | BB6: 195000 | BC6: =SUM(AQ6,AT6,AW6,AZ6) -> 747500 | BD6: =SUM(AR6,AU6,AX6,BA6) -> 1560000 | BE6: 0 | BF6: ON
A7: 2 | B7: ADS02 | C7: BD01 HN | D7: NguyenVanB | E7: Nguyễn Văn B | F7: HN | G7: Nhân viên | H7: C1 | I7: CT | J7: bnv@novaon.vn | K7: anv@novaon.vn | L7: 2000000 | M7: 0 | N7: 0 | O7: 0 | P7: 22.5 | R7: 20.5 | S7: 2000000 | T7: 0 | U7: 0 | V7: 0 | W7: 0.02 | X7: 0 | Y7: 0 | Z7: 0 | AA7: 22.5 | AC7: =SUM(AA7:AB7) -> 22.5 | AD7: 200000 | AE7: 15 | AF7: 200000 | AG7: 15 | AH7: 0 | AI7: 0 | AJ7: 500000 | AK7: 500000 | AL7: 0 | AM7: 0 | AN7: 1000000 | AO7: Đi họp muộn | AP7: =SUM(AM7:AN7) -> 1000000 | AQ7: 376000 | AR7: 846000 | AS7: 1222000 | AT7: 70500 | AU7: 141000 | AV7: 211500 | AW7: 47000 | AX7: 47000 | AY7: 94000 | AZ7: 47000 | BA7: 94000 | BB7: 141000 | BC7: =SUM(AQ7,AT7,AW7,AZ7) -> 540500 | BD7: =SUM(AR7,AU7,AX7,BA7) -> 1128000 | BE7: 0 | BF7: OFF
A8: 3 | B8: ADS03 | C8: BD02 HN | D8: NguyenVanC | E8: Nguyễn Văn C | F8: HN | G8: Trưởng phòng | H8: TP C2 | I8: CT | J8: cnv@novaon.vn | K8: bom@novaon.vn | L8: 3000000 | M8: 0 | N8: 0 | O8: 0 | P8: 22.5 | R8: 20.5 | S8: 3000000 | T8: 0 | U8: 0 | V8: 0 | W8: 0.03 | X8: 0 | Y8: 0 | Z8: 0 | AA8: 22.5 | AC8: =SUM(AA8:AB8) -> 22.5 | AD8: 200000 | AE8: 15 | AF8: 200000 | AG8: 15 | AH8: 0 | AI8: 0 | AJ8: 500000 | AK8: 500000 | AL8: 6 | AM8: 0 | AN8: 0 | AO8: 0 | AP8: =SUM(AM8:AN8) -> 0 | AQ8: 0 | AR8: 0 | AS8: 0 | AT8: 0 | AU8: 0 | AV8: 0 | AW8: 0 | AX8: 0 | AY8: 0 | AZ8: 0 | BA8: 0 | BB8: 0 | BC8: =SUM(AQ8,AT8,AW8,AZ8) -> 0 | BD8: =SUM(AR8,AU8,AX8,BA8) -> 0 | BE8: 30000 | BF8: ON
A9: 4 | B9: ADS04 | C9: BD02 HN | D9: NguyenVanD | E9: Nguyễn Văn D | F9: HN | G9: Nhân viên | H9: C2 | I9: CT | J9: dnv@novaon.vn | K9: cnv@novaon.vn | L9: 4000000 | M9: 0 | N9: 0 | O9: 0 | P9: 22.5 | R9: 20.5 | S9: 4000000 | T9: 0 | U9: 0 | V9: 0 | W9: 0.04 | X9: 0 | Y9: 0 | Z9: 0 | AA9: 22.5 | AC9: =SUM(AA9:AB9) -> 22.5 | AD9: 200000 | AE9: 15 | AF9: 200000 | AG9: 15 | AH9: 0 | AI9: 0 | AJ9: 500000 | AK9: 500000 | AL9: 0 | AM9: 0 | AN9: 0 | AO9: 0 | AP9: =SUM(AM9:AN9) -> 0 | AQ9: 321200 | AR9: 722700 | AS9: 1043900 | AT9: 60225 | AU9: 120450 | AV9: 180675 | AW9: 40150 | AX9: 40150 | AY9: 80300 | AZ9: 40150 | BA9: 80300 | BB9: 120450 | BC9: =SUM(AQ9,AT9,AW9,AZ9) -> 461725 | BD9: =SUM(AR9,AU9,AX9,BA9) -> 963600 | BE9: 0 | BF9: ON
A10: 5 | B10: ADS05 | C10: BD02 HN | D10: NguyenVanE | E10: Nguyễn Văn E | F10: HN | G10: Nhân viên | H10: C3 | I10: CT | J10: env@novaon.vn | K10: cnv@novaon.vn | L10: 5000000 | M10: 10000000 | N10: 42917 | O10: Tăng lương do tăng cấp | P10: 2 | Q10: 20.5 | R10: 20.5 | S10: 5000000 | T10: 6000000 | U10: 42917 | V10: Tăng lương do tăng cấp | W10: 0.05 | X10: 0.06 | Y10: 42916 | Z10: Đủ 3 năm công tác | AA10: 1 | AB10: 21.5 | AC10: =SUM(AA10:AB10) -> 22.5 | AD10: 200000 | AE10: 22.5 | AF10: 200000 | AG10: 22.5 | AH10: 0 | AI10: 0 | AJ10: 0 | AK10: 0 | AL10: 8 | AM10: 0 | AN10: 0 | AO10: 0 | AP10: =SUM(AM10:AN10) -> 0 | AQ10: 321200 | AR10: 722700 | AS10: 1043900 | AT10: 60225 | AU10: 120450 | AV10: 180675 | AW10: 40150 | AX10: 40150 | AY10: 80300 | AZ10: 40150 | BA10: 80300 | BB10: 120450 | BC10: =SUM(AQ10,AT10,AW10,AZ10) -> 461725 | BD10: =SUM(AR10,AU10,AX10,BA10) -> 963600 | BE10: 0 | BF10: ON
A11: 6 | B11: ADS06 | C11: BD03 SG | D11: NguyenVanF | E11: Nguyễn Văn F | F11: HCM | G11: Trưởng phòng | H11: TP C3 | I11: CT | J11: fnv@novaon.vn | K11: bom@novaon.vn | L11: 6000000 | M11: 0 | N11: 0 | O11: 0 | P11: 22.5 | R11: =SUM(P11:Q11) -> 22.5 | S11: 6000000 | T11: 0 | U11: 0 | V11: 0 | W11: 0.06 | X11: 0 | Y11: 0 | Z11: 0 | AA11: 22.5 | AC11: =SUM(AA11:AB11) -> 22.5 | AD11: 200000 | AE11: 22.5 | AF11: 200000 | AG11: 22.5 | AH11: 0 | AI11: 0 | AJ11: 0 | AK11: 0 | AL11: 0 | AM11: 0 | AN11: 0 | AO11: 0 | AP11: =SUM(AM11:AN11) -> 0 | AQ11: 0 | AR11: 0 | AS11: 0 | AT11: 0 | AU11: 0 | AV11: 0 | AW11: 0 | AX11: 0 | AY11: 0 | AZ11: 0 | BA11: 0 | BB11: 0 | BC11: =SUM(AQ11,AT11,AW11,AZ11) -> 0 | BD11: =SUM(AR11,AU11,AX11,BA11) -> 0 | BE11: 0 | BF11: ON
A12: 7 | B12: ADS07 | C12: BD03 SG | D12: NguyenVanG | E12: Nguyễn Văn G | F12: HCM | G12: Nhân viên | H12: C4 | I12: CT | J12: gnv@novaon.vn | K12: fnv@novaon.vn | L12: 7000000 | M12: 0 | N12: 0 | O12: 0 | P12: 22.5 | R12: =SUM(P12:Q12) -> 22.5 | S12: 7000000 | T12: 0 | U12: 0 | V12: 0 | W12: 0.07 | X12: 0 | Y12: 0 | Z12: 0 | AA12: 22.5 | AC12: =SUM(AA12:AB12) -> 22.5 | AD12: 200000 | AE12: 22.5 | AF12: 200000 | AG12: 22.5 | AH12: 0 | AI12: 0 | AJ12: 0 | AK12: 0 | AL12: 0 | AM12: 0 | AN12: 0 | AO12: 0 | AP12: =SUM(AM12:AN12) -> 0 | AQ12: 321200 | AR12: 722700 | AS12: 1043900 | AT12: 60225 | AU12: 120450 | AV12: 180675 | AW12: 40150 | AX12: 40150 | AY12: 80300 | AZ12: 40150 | BA12: 80300 | BB12: 120450 | BC12: =SUM(AQ12,AT12,AW12,AZ12) -> 461725 | BD12: =SUM(AR12,AU12,AX12,BA12) -> 963600 | BE12: 0 | BF12: ON
A13: 8 | B13: ADS08 | C13: BD03 SG | D13: NguyenVanH | E13: Nguyễn Văn H | F13: HCM | G13: Nhân viên | H13: S1 | I13: CT | J13: hnv@novaon.vn | K13: fnv@novaon.vn | L13: 8000000 | M13: 10000000 | N13: 42931 | O13: Tăng lương do tăng cấp | P13: 10 | Q13: 12.5 | R13: =SUM(P13:Q13) -> 22.5 | S13: 8000000 | T13: 10000000 | U13: 42917 | V13: Vào chính thức | W13: 0.08 | X13: 0.09 | Y13: 42933 | Z13: Đủ 3 năm công tác | AA13: 12 | AB13: 10.5 | AC13: =SUM(AA13:AB13) -> 22.5 | AD13: 200000 | AE13: 22.5 | AF13: 200000 | AG13: 22.5 | AH13: 0 | AI13: 0 | AJ13: 0 | AK13: 0 | AL13: 9 | AM13: 0 | AN13: 0 | AO13: 0 | AP13: =SUM(AM13:AN13) -> 0 | AQ13: 321200 | AR13: 722700 | AS13: 1043900 | AT13: 60225 | AU13: 120450 | AV13: 180675 | AW13: 40150 | AX13: 40150 | AY13: 80300 | AZ13: 40150 | BA13: 80300 | BB13: 120450 | BC13: =SUM(AQ13,AT13,AW13,AZ13) -> 461725 | BD13: =SUM(AR13,AU13,AX13,BA13) -> 963600 | BE13: 0 | BF13: ON
A14: 9 | B14: ADS09 | C14: HR HN | D14: NguyenVanI | E14: Nguyễn Văn I | F14: HN | G14: Trưởng phòng | H14: TP KPC | I14: CT | J14: inv@novaon.vn | K14: bom@novaon.vn | L14: 9000000 | M14: 0 | N14: 0 | O14: 0 | P14: 22.5 | R14: =SUM(P14:Q14) -> 22.5 | S14: 9000000 | T14: 0 | U14: 0 | V14: 0 | W14: 0.09 | X14: 0 | Y14: 0 | Z14: 0 | AA14: 22.5 | AC14: =SUM(AA14:AB14) -> 22.5 | AD14: 200000 | AE14: 22.5 | AF14: 200000 | AG14: 22.5 | AH14: 0 | AI14: 0 | AJ14: 0 | AK14: 0 | AL14: 32 | AM14: 22000 | AN14: 0 | AO14: 0 | AP14: =SUM(AM14:AN14) -> 22000 | AQ14: 321200 | AR14: 722700 | AS14: 1043900 | AT14: 60225 | AU14: 120450 | AV14: 180675 | AW14: 40150 | AX14: 40150 | AY14: 80300 | AZ14: 40150 | BA14: 80300 | BB14: 120450 | BC14: =SUM(AQ14,AT14,AW14,AZ14) -> 461725 | BD14: =SUM(AR14,AU14,AX14,BA14) -> 963600 | BE14: 0 | BF14: ON
A15: 10 | B15: ADS10 | C15: HR HN | D15: NguyenVanK | E15: Nguyễn Văn K | F15: HN | G15: Nhân viên | H15: C1 | I15: CT | J15: knv@novaon.vn | K15: inv@novaon.vn | L15: 10000000 | M15: 0 | N15: 0 | O15: 0 | P15: 22.5 | R15: =SUM(P15:Q15) -> 22.5 | S15: 10000000 | T15: 0 | U15: 0 | V15: 0 | W15: 0.1 | X15: 0 | Y15: 0 | Z15: 0 | AA15: 22.5 | AC15: =SUM(AA15:AB15) -> 22.5 | AD15: 200000 | AE15: 22.5 | AF15: 200000 | AG15: 22.5 | AH15: 0 | AI15: 0 | AJ15: 0 | AK15: 0 | AL15: 0 | AM15: 0 | AN15: 0 | AO15: 0 | AP15: =SUM(AM15:AN15) -> 0 | AQ15: 321200 | AR15: 722700 | AS15: 1043900 | AT15: 60225 | AU15: 120450 | AV15: 180675 | AW15: 40150 | AX15: 40150 | AY15: 80300 | AZ15: 40150 | BA15: 80300 | BB15: 120450 | BC15: =SUM(AQ15,AT15,AW15,AZ15) -> 461725 | BD15: =SUM(AR15,AU15,AX15,BA15) -> 963600 | BE15: 0 | BF15: ON

Sheet 2.1 KT-Update ty le
A1: Tỷ lệ trích các khoản bảo hiểm bắt buộc theo lương đóng BH
A2: Loại BH | B2: Công ty | C2: Nhân viên | D2: Tổng
A3: BHXH | B3: 0.175 | C3: 0.08 | D3: =SUM(B3:C3) -> 0.255
A4: BHYT | B4: 0.03 | C4: 0.015 | D4: =SUM(B4:C4) -> 0.045
A5: BHTN | B5: 0.01 | C5: 0.01 | D5: =SUM(B5:C5) -> 0.02
A6: KPCD | B6: 0.02 | C6: 0.01 | D6: =SUM(B6:C6) -> 0.03
A7: Tổng | B7: =SUM(B3:B6) -> 0.235 | C7: =SUM(C3:C6) -> 0.115 | D7: =SUM(B7:C7) -> 0.35
A9: Biểu thuế TNCN lũy tiến từng phần
A10: Mức thu nhập chịu thuế đến | B10: Thuế suất | C10: Lũy tiến | D10: Toàn phần | E10: Mức trừ
A11: 5000000 | B11: 0.05 | C11: =A11*B11 -> 250000 | D11: =A11*B11 -> 250000 | E11: =D11-C11 -> 0
A12: 10000000 | B12: 0.1 | C12: =C11+(A12-A11)*B12 -> 750000 | D12: =A12*B12 -> 1000000 | E12: =D12-C12 -> 250000
A13: 18000000 | B13: 0.15 | C13: =C12+(A13-A12)*B13 -> 1950000 | D13: =A13*B13 -> 2700000 | E13: =D13-C13 -> 750000
A14: 32000000 | B14: 0.2 | C14: =C13+(A14-A13)*B14 -> 4750000 | D14: =A14*B14 -> 6400000 | E14: =D14-C14 -> 1650000
A15: 52000000 | B15: 0.25 | C15: =C14+(A15-A14)*B15 -> 9750000 | D15: =A15*B15 -> 13000000 | E15: =D15-C15 -> 3250000
A16: 80000000 | B16: 0.3 | C16: =C15+(A16-A15)*B16 -> 18150000 | D16: =A16*B16 -> 24000000 | E16: =D16-C16 -> 5850000
A17: > 80,000,000 | B17: 0.35 | C17: =C16 -> 18150000 | D17: =A16*B17 -> 28000000 | E17: =D17-C17 -> 9850000
A19: Mức giảm trừ thuế TNCN
A20: Tiền ăn ca | B20: 600000
A21: Giảm trừ bản thân | B21: 9000000
A22: Giảm trừ gia cảnh | B22: 3600000

Sheet 2.2 KT-THUONG
A1: Bảng tính thưởng
A3: Mã cty | B3: TT | C3: Mã NV | D3: Phòng | E3: HO TEN | F3: Họ tên | G3: VP | H3: Chức vụ | I3: Cấp bậc | J3: Loai HDLD | K3: Lương khác
K4: Hỗ trợ xăng xe điện thoại | L4: Thưởng MG | M4: Thưởng hiệu quả công việc | N4: Lương hiệu quả | O4: Lương tháng 13 | P4: Thưởng có thuế khác […] | Q4: Thưởng KPI (không thuế) | R4: Thưởng không thuế khác […]
C5: 1 | D5: 2 | E5: 3 | F5: 4 | G5: 5 | H5: 6 | I5: 7 | J5: 8 | K5: 9 | L5: 10 | M5: 11 | N5: 12 | O5: 13 | P5: 14 | Q5: 15 | R5: 16
A6: ADS | B6: 1 | C6: =VLOOKUP(B6,'1.2 HR-Data luong'!A:B,2,0) -> ADS01 | D6: =VLOOKUP($C6,'1.2 HR-Data luong'!$B:$BG,D$5,0) -> BD01 HN | E6: =VLOOKUP($C6,'1.2 HR-Data luong'!$B:$BG,E$5,0) -> NguyenVanA | F6: =VLOOKUP($C6,'1.2 HR-Data luong'!$B:$BG,F$5,0) -> Nguyễn Văn A | G6: =VLOOKUP($C6,'1.2 HR-Data luong'!$B:$BG,G$5,0) -> HN | H6: =VLOOKUP($C6,'1.2 HR-Data luong'!$B:$BG,H$5,0) -> Trưởng phòng | I6: =VLOOKUP($C6,'1.2 HR-Data luong'!$B:$BG,I$5,0) -> TP C1 | J6: =VLOOKUP($C6,'1.2 HR-Data luong'!$B:$BG,J$5,0) -> CT | K6: 300000 | L6: 1000000 | M6: 100000 | N6: 2000000 | O6: 10000000 | P6: 0 | Q6: 50000000
A7: ADS | B7: 2 | C7: =VLOOKUP(B7,'1.2 HR-Data luong'!A:B,2,0) -> ADS02 | D7: =VLOOKUP($C7,'1.2 HR-Data luong'!$B:$BG,D$5,0) -> BD01 HN | E7: =VLOOKUP($C7,'1.2 HR-Data luong'!$B:$BG,E$5,0) -> NguyenVanB | F7: =VLOOKUP($C7,'1.2 HR-Data luong'!$B:$BG,F$5,0) -> Nguyễn Văn B | G7: =VLOOKUP($C7,'1.2 HR-Data luong'!$B:$BG,G$5,0) -> HN | H7: =VLOOKUP($C7,'1.2 HR-Data luong'!$B:$BG,H$5,0) -> Nhân viên | I7: =VLOOKUP($C7,'1.2 HR-Data luong'!$B:$BG,I$5,0) -> C1 | J7: =VLOOKUP($C7,'1.2 HR-Data luong'!$B:$BG,J$5,0) -> CT | K7: 300000 | L7: 2000000 | M7: 200000 | N7: 0 | O7: 20000000 | P7: 0 | Q7: 50000000
A8: ADS | B8: 3 | C8: =VLOOKUP(B8,'1.2 HR-Data luong'!A:B,2,0) -> ADS03 | D8: =VLOOKUP($C8,'1.2 HR-Data luong'!$B:$BG,D$5,0) -> BD02 HN | E8: =VLOOKUP($C8,'1.2 HR-Data luong'!$B:$BG,E$5,0) -> NguyenVanC | F8: =VLOOKUP($C8,'1.2 HR-Data luong'!$B:$BG,F$5,0) -> Nguyễn Văn C | G8: =VLOOKUP($C8,'1.2 HR-Data luong'!$B:$BG,G$5,0) -> HN | H8: =VLOOKUP($C8,'1.2 HR-Data luong'!$B:$BG,H$5,0) -> Trưởng phòng | I8: =VLOOKUP($C8,'1.2 HR-Data luong'!$B:$BG,I$5,0) -> TP C2 | J8: =VLOOKUP($C8,'1.2 HR-Data luong'!$B:$BG,J$5,0) -> CT | K8: 300000 | L8: 3000000 | M8: 300000 | N8: 0 | O8: 30000000 | P8: 0 | Q8: 50000000
A9: ADS | B9: 4 | C9: =VLOOKUP(B9,'1.2 HR-Data luong'!A:B,2,0) -> ADS04 | D9: =VLOOKUP($C9,'1.2 HR-Data luong'!$B:$BG,D$5,0) -> BD02 HN | E9: =VLOOKUP($C9,'1.2 HR-Data luong'!$B:$BG,E$5,0) -> NguyenVanD | F9: =VLOOKUP($C9,'1.2 HR-Data luong'!$B:$BG,F$5,0) -> Nguyễn Văn D | G9: =VLOOKUP($C9,'1.2 HR-Data luong'!$B:$BG,G$5,0) -> HN | H9: =VLOOKUP($C9,'1.2 HR-Data luong'!$B:$BG,H$5,0) -> Nhân viên | I9: =VLOOKUP($C9,'1.2 HR-Data luong'!$B:$BG,I$5,0) -> C2 | J9: =VLOOKUP($C9,'1.2 HR-Data luong'!$B:$BG,J$5,0) -> CT | K9: 300000 | L9: 4000000 | M9: 400000 | N9: 0 | O9: 40000000 | P9: 0 | Q9: 50000000
A10: ADS | B10: 5 | C10: =VLOOKUP(B10,'1.2 HR-Data luong'!A:B,2,0) -> ADS05 | D10: =VLOOKUP($C10,'1.2 HR-Data luong'!$B:$BG,D$5,0) -> BD02 HN | E10: =VLOOKUP($C10,'1.2 HR-Data luong'!$B:$BG,E$5,0) -> NguyenVanE | F10: =VLOOKUP($C10,'1.2 HR-Data luong'!$B:$BG,F$5,0) -> Nguyễn Văn E | G10: =VLOOKUP($C10,'1.2 HR-Data luong'!$B:$BG,G$5,0) -> HN | H10: =VLOOKUP($C10,'1.2 HR-Data luong'!$B:$BG,H$5,0) -> Nhân viên | I10: =VLOOKUP($C10,'1.2 HR-Data luong'!$B:$BG,I$5,0) -> C3 | J10: =VLOOKUP($C10,'1.2 HR-Data luong'!$B:$BG,J$5,0) -> CT | K10: 300000 | L10: 5000000 | M10: 500000 | N10: 0 | O10: 50000000 | P10: 0 | Q10: 50000000
A11: ADS | B11: 6 | C11: =VLOOKUP(B11,'1.2 HR-Data luong'!A:B,2,0) -> ADS06 | D11: =VLOOKUP($C11,'1.2 HR-Data luong'!$B:$BG,D$5,0) -> BD03 SG | E11: =VLOOKUP($C11,'1.2 HR-Data luong'!$B:$BG,E$5,0) -> NguyenVanF | F11: =VLOOKUP($C11,'1.2 HR-Data luong'!$B:$BG,F$5,0) -> Nguyễn Văn F | G11: =VLOOKUP($C11,'1.2 HR-Data luong'!$B:$BG,G$5,0) -> HCM | H11: =VLOOKUP($C11,'1.2 HR-Data luong'!$B:$BG,H$5,0) -> Trưởng phòng | I11: =VLOOKUP($C11,'1.2 HR-Data luong'!$B:$BG,I$5,0) -> TP C3 | J11: =VLOOKUP($C11,'1.2 HR-Data luong'!$B:$BG,J$5,0) -> CT | K11: 300000 | L11: 6000000 | M11: 600000 | N11: 0 | O11: 60000000 | P11: 0 | Q11: 50000000
A12: ADS | B12: 7 | C12: =VLOOKUP(B12,'1.2 HR-Data luong'!A:B,2,0) -> ADS07 | D12: =VLOOKUP($C12,'1.2 HR-Data luong'!$B:$BG,D$5,0) -> BD03 SG | E12: =VLOOKUP($C12,'1.2 HR-Data luong'!$B:$BG,E$5,0) -> NguyenVanG | F12: =VLOOKUP($C12,'1.2 HR-Data luong'!$B:$BG,F$5,0) -> Nguyễn Văn G | G12: =VLOOKUP($C12,'1.2 HR-Data luong'!$B:$BG,G$5,0) -> HCM | H12: =VLOOKUP($C12,'1.2 HR-Data luong'!$B:$BG,H$5,0) -> Nhân viên | I12: =VLOOKUP($C12,'1.2 HR-Data luong'!$B:$BG,I$5,0) -> C4 | J12: =VLOOKUP($C12,'1.2 HR-Data luong'!$B:$BG,J$5,0) -> CT | K12: 300000 | L12: 7000000 | M12: 700000 | N12: 0 | O12: 70000000 | P12: 0 | Q12: 50000000
A13: ADS | B13: 8 | C13: =VLOOKUP(B13,'1.2 HR-Data luong'!A:B,2,0) -> ADS08 | D13: =VLOOKUP($C13,'1.2 HR-Data luong'!$B:$BG,D$5,0) -> BD03 SG | E13: =VLOOKUP($C13,'1.2 HR-Data luong'!$B:$BG,E$5,0) -> NguyenVanH | F13: =VLOOKUP($C13,'1.2 HR-Data luong'!$B:$BG,F$5,0) -> Nguyễn Văn H | G13: =VLOOKUP($C13,'1.2 HR-Data luong'!$B:$BG,G$5,0) -> HCM | H13: =VLOOKUP($C13,'1.2 HR-Data luong'!$B:$BG,H$5,0) -> Nhân viên | I13: =VLOOKUP($C13,'1.2 HR-Data luong'!$B:$BG,I$5,0) -> S1 | J13: =VLOOKUP($C13,'1.2 HR-Data luong'!$B:$BG,J$5,0) -> CT | K13: 300000 | L13: 8000000 | M13: 800000 | N13: 0 | O13: 80000000 | P13: 0 | Q13: 50000000
A14: ADS | B14: 9 | C14: =VLOOKUP(B14,'1.2 HR-Data luong'!A:B,2,0) -> ADS09 | D14: =VLOOKUP($C14,'1.2 HR-Data luong'!$B:$BG,D$5,0) -> HR HN | E14: =VLOOKUP($C14,'1.2 HR-Data luong'!$B:$BG,E$5,0) -> NguyenVanI | F14: =VLOOKUP($C14,'1.2 HR-Data luong'!$B:$BG,F$5,0) -> Nguyễn Văn I | G14: =VLOOKUP($C14,'1.2 HR-Data luong'!$B:$BG,G$5,0) -> HN | H14: =VLOOKUP($C14,'1.2 HR-Data luong'!$B:$BG,H$5,0) -> Trưởng phòng | I14: =VLOOKUP($C14,'1.2 HR-Data luong'!$B:$BG,I$5,0) -> TP KPC | J14: =VLOOKUP($C14,'1.2 HR-Data luong'!$B:$BG,J$5,0) -> CT | K14: 300000 | L14: 9000000 | M14: 900000 | N14: 0 | O14: 90000000 | P14: 0 | Q14: 50000000
A15: ADS | B15: 10 | C15: =VLOOKUP(B15,'1.2 HR-Data luong'!A:B,2,0) -> ADS10 | D15: =VLOOKUP($C15,'1.2 HR-Data luong'!$B:$BG,D$5,0) -> HR HN | E15: =VLOOKUP($C15,'1.2 HR-Data luong'!$B:$BG,E$5,0) -> NguyenVanK | F15: =VLOOKUP($C15,'1.2 HR-Data luong'!$B:$BG,F$5,0) -> Nguyễn Văn K | G15: =VLOOKUP($C15,'1.2 HR-Data luong'!$B:$BG,G$5,0) -> HN | H15: =VLOOKUP($C15,'1.2 HR-Data luong'!$B:$BG,H$5,0) -> Nhân viên | I15: =VLOOKUP($C15,'1.2 HR-Data luong'!$B:$BG,I$5,0) -> C1 | J15: =VLOOKUP($C15,'1.2 HR-Data luong'!$B:$BG,J$5,0) -> CT | K15: 300000 | L15: 10000000 | M15: 1000000 | N15: 0 | O15: 100000000 | P15: 0 | Q15: 50000000

Sheet 2.3 KT-GIAM TRU
A1: Các thông tin khác (trừ lương thưởng)
A3: Mã cty | B3: TT | C3: Mã NV | D3: Phòng | E3: HO TEN | F3: Họ tên | G3: VP | H3: Chức vụ | I3: Cấp bậc | J3: Loai HDLD | K3: Các khoản khác trừ lương | S3: Các khoản trừ thuế TNCN
K4: Bù MG | L4: Thẻ BHYT | M4: Thẻ xe | N4: Phạt KSNB | O4: Khác 1 […] | P4: Lý do phạt khác | Q4: Tổng phạt | R4: Tạm ứng (kế toán) | S4: Giảm trừ thu nhập chịu thuế | T4: Giảm trừ thuế TNCN | U4: Mức thuế TNCN cố định | V4: Số người phụ thuộc
C5: 1 | D5: 2 | E5: 3 | F5: 4 | G5: 5 | H5: 6 | I5: 7 | J5: 8 | K5: 9 | L5: 10 | M5: 11 | N5: 12 | O5: 13 | P5: 14 | Q5: 15 | R5: 16 | S5: 17 | T5: 18 | U5: 19 | V5: 20
A6: ADS | B6: 1 | C6: =VLOOKUP(B6,'1.2 HR-Data luong'!A:B,2,0) -> ADS01 | D6: =VLOOKUP($C6,'1.2 HR-Data luong'!$B:$BG,D$5,0) -> BD01 HN | E6: =VLOOKUP($C6,'1.2 HR-Data luong'!$B:$BG,E$5,0) -> NguyenVanA | F6: =VLOOKUP($C6,'1.2 HR-Data luong'!$B:$BG,F$5,0) -> Nguyễn Văn A | G6: =VLOOKUP($C6,'1.2 HR-Data luong'!$B:$BG,G$5,0) -> HN | H6: =VLOOKUP($C6,'1.2 HR-Data luong'!$B:$BG,H$5,0) -> Trưởng phòng | I6: =VLOOKUP($C6,'1.2 HR-Data luong'!$B:$BG,I$5,0) -> TP C1 | J6: =VLOOKUP($C6,'1.2 HR-Data luong'!$B:$BG,J$5,0) -> CT | S6: 10000000 | V6: 0
A7: ADS | B7: 2 | C7: =VLOOKUP(B7,'1.2 HR-Data luong'!A:B,2,0) -> ADS02 | D7: =VLOOKUP($C7,'1.2 HR-Data luong'!$B:$BG,D$5,0) -> BD01 HN | E7: =VLOOKUP($C7,'1.2 HR-Data luong'!$B:$BG,E$5,0) -> NguyenVanB | F7: =VLOOKUP($C7,'1.2 HR-Data luong'!$B:$BG,F$5,0) -> Nguyễn Văn B | G7: =VLOOKUP($C7,'1.2 HR-Data luong'!$B:$BG,G$5,0) -> HN | H7: =VLOOKUP($C7,'1.2 HR-Data luong'!$B:$BG,H$5,0) -> Nhân viên | I7: =VLOOKUP($C7,'1.2 HR-Data luong'!$B:$BG,I$5,0) -> C1 | J7: =VLOOKUP($C7,'1.2 HR-Data luong'!$B:$BG,J$5,0) -> CT | K7: 100000 | L7: 50000 | M7: 50000 | N7: 100000 | O7: 15000 | P7: Lý do phạt khác | Q7: =SUM(K7:O7) -> 315000 | R7: 500000 | V7: 0
A8: ADS | B8: 3 | C8: =VLOOKUP(B8,'1.2 HR-Data luong'!A:B,2,0) -> ADS03 | D8: =VLOOKUP($C8,'1.2 HR-Data luong'!$B:$BG,D$5,0) -> BD02 HN | E8: =VLOOKUP($C8,'1.2 HR-Data luong'!$B:$BG,E$5,0) -> NguyenVanC | F8: =VLOOKUP($C8,'1.2 HR-Data luong'!$B:$BG,F$5,0) -> Nguyễn Văn C | G8: =VLOOKUP($C8,'1.2 HR-Data luong'!$B:$BG,G$5,0) -> HN | H8: =VLOOKUP($C8,'1.2 HR-Data luong'!$B:$BG,H$5,0) -> Trưởng phòng | I8: =VLOOKUP($C8,'1.2 HR-Data luong'!$B:$BG,I$5,0) -> TP C2 | J8: =VLOOKUP($C8,'1.2 HR-Data luong'!$B:$BG,J$5,0) -> CT | T8: 1000000 | V8: 0
A9: ADS | B9: 4 | C9: =VLOOKUP(B9,'1.2 HR-Data luong'!A:B,2,0) -> ADS04 | D9: =VLOOKUP($C9,'1.2 HR-Data luong'!$B:$BG,D$5,0) -> BD02 HN | E9: =VLOOKUP($C9,'1.2 HR-Data luong'!$B:$BG,E$5,0) -> NguyenVanD | F9: =VLOOKUP($C9,'1.2 HR-Data luong'!$B:$BG,F$5,0) -> Nguyễn Văn D | G9: =VLOOKUP($C9,'1.2 HR-Data luong'!$B:$BG,G$5,0) -> HN | H9: =VLOOKUP($C9,'1.2 HR-Data luong'!$B:$BG,H$5,0) -> Nhân viên | I9: =VLOOKUP($C9,'1.2 HR-Data luong'!$B:$BG,I$5,0) -> C2 | J9: =VLOOKUP($C9,'1.2 HR-Data luong'!$B:$BG,J$5,0) -> CT | V9: 0
A10: ADS | B10: 5 | C10: =VLOOKUP(B10,'1.2 HR-Data luong'!A:B,2,0) -> ADS05 | D10: =VLOOKUP($C10,'1.2 HR-Data luong'!$B:$BG,D$5,0) -> BD02 HN | E10: =VLOOKUP($C10,'1.2 HR-Data luong'!$B:$BG,E$5,0) -> NguyenVanE | F10: =VLOOKUP($C10,'1.2 HR-Data luong'!$B:$BG,F$5,0) -> Nguyễn Văn E | G10: =VLOOKUP($C10,'1.2 HR-Data luong'!$B:$BG,G$5,0) -> HN | H10: =VLOOKUP($C10,'1.2 HR-Data luong'!$B:$BG,H$5,0) -> Nhân viên | I10: =VLOOKUP($C10,'1.2 HR-Data luong'!$B:$BG,I$5,0) -> C3 | J10: =VLOOKUP($C10,'1.2 HR-Data luong'!$B:$BG,J$5,0) -> CT | V10: 0
A11: ADS | B11: 6 | C11: =VLOOKUP(B11,'1.2 HR-Data luong'!A:B,2,0) -> ADS06 | D11: =VLOOKUP($C11,'1.2 HR-Data luong'!$B:$BG,D$5,0) -> BD03 SG | E11: =VLOOKUP($C11,'1.2 HR-Data luong'!$B:$BG,E$5,0) -> NguyenVanF | F11: =VLOOKUP($C11,'1.2 HR-Data luong'!$B:$BG,F$5,0) -> Nguyễn Văn F | G11: =VLOOKUP($C11,'1.2 HR-Data luong'!$B:$BG,G$5,0) -> HCM | H11: =VLOOKUP($C11,'1.2 HR-Data luong'!$B:$BG,H$5,0) -> Trưởng phòng | I11: =VLOOKUP($C11,'1.2 HR-Data luong'!$B:$BG,I$5,0) -> TP C3 | J11: =VLOOKUP($C11,'1.2 HR-Data luong'!$B:$BG,J$5,0) -> CT | V11: 0
A12: ADS | B12: 7 | C12: =VLOOKUP(B12,'1.2 HR-Data luong'!A:B,2,0) -> ADS07 | D12: =VLOOKUP($C12,'1.2 HR-Data luong'!$B:$BG,D$5,0) -> BD03 SG | E12: =VLOOKUP($C12,'1.2 HR-Data luong'!$B:$BG,E$5,0) -> NguyenVanG | F12: =VLOOKUP($C12,'1.2 HR-Data luong'!$B:$BG,F$5,0) -> Nguyễn Văn G | G12: =VLOOKUP($C12,'1.2 HR-Data luong'!$B:$BG,G$5,0) -> HCM | H12: =VLOOKUP($C12,'1.2 HR-Data luong'!$B:$BG,H$5,0) -> Nhân viên | I12: =VLOOKUP($C12,'1.2 HR-Data luong'!$B:$BG,I$5,0) -> C4 | J12: =VLOOKUP($C12,'1.2 HR-Data luong'!$B:$BG,J$5,0) -> CT | V12: 0
A13: ADS | B13: 8 | C13: =VLOOKUP(B13,'1.2 HR-Data luong'!A:B,2,0) -> ADS08 | D13: =VLOOKUP($C13,'1.2 HR-Data luong'!$B:$BG,D$5,0) -> BD03 SG | E13: =VLOOKUP($C13,'1.2 HR-Data luong'!$B:$BG,E$5,0) -> NguyenVanH | F13: =VLOOKUP($C13,'1.2 HR-Data luong'!$B:$BG,F$5,0) -> Nguyễn Văn H | G13: =VLOOKUP($C13,'1.2 HR-Data luong'!$B:$BG,G$5,0) -> HCM | H13: =VLOOKUP($C13,'1.2 HR-Data luong'!$B:$BG,H$5,0) -> Nhân viên | I13: =VLOOKUP($C13,'1.2 HR-Data luong'!$B:$BG,I$5,0) -> S1 | J13: =VLOOKUP($C13,'1.2 HR-Data luong'!$B:$BG,J$5,0) -> CT | U13: 2000000 | V13: 0
A14: ADS | B14: 9 | C14: =VLOOKUP(B14,'1.2 HR-Data luong'!A:B,2,0) -> ADS09 | D14: =VLOOKUP($C14,'1.2 HR-Data luong'!$B:$BG,D$5,0) -> HR HN | E14: =VLOOKUP($C14,'1.2 HR-Data luong'!$B:$BG,E$5,0) -> NguyenVanI | F14: =VLOOKUP($C14,'1.2 HR-Data luong'!$B:$BG,F$5,0) -> Nguyễn Văn I | G14: =VLOOKUP($C14,'1.2 HR-Data luong'!$B:$BG,G$5,0) -> HN | H14: =VLOOKUP($C14,'1.2 HR-Data luong'!$B:$BG,H$5,0) -> Trưởng phòng | I14: =VLOOKUP($C14,'1.2 HR-Data luong'!$B:$BG,I$5,0) -> TP KPC | J14: =VLOOKUP($C14,'1.2 HR-Data luong'!$B:$BG,J$5,0) -> CT | V14: 1
A15: ADS | B15: 10 | C15: =VLOOKUP(B15,'1.2 HR-Data luong'!A:B,2,0) -> ADS10 | D15: =VLOOKUP($C15,'1.2 HR-Data luong'!$B:$BG,D$5,0) -> HR HN | E15: =VLOOKUP($C15,'1.2 HR-Data luong'!$B:$BG,E$5,0) -> NguyenVanK | F15: =VLOOKUP($C15,'1.2 HR-Data luong'!$B:$BG,F$5,0) -> Nguyễn Văn K | G15: =VLOOKUP($C15,'1.2 HR-Data luong'!$B:$BG,G$5,0) -> HN | H15: =VLOOKUP($C15,'1.2 HR-Data luong'!$B:$BG,H$5,0) -> Nhân viên | I15: =VLOOKUP($C15,'1.2 HR-Data luong'!$B:$BG,I$5,0) -> C1 | J15: =VLOOKUP($C15,'1.2 HR-Data luong'!$B:$BG,J$5,0) -> CT | V15: 2

Sheet 3.1 ERP-MUC LUONG
A1: Bảng tính mức lương cứng
A3: Mã cty | B3: TT | C3: Mã NV | D3: Phòng | E3: HO TEN | F3: Họ tên | G3: VP | H3: Chức vụ | I3: Cấp bậc | J3: Loai HDLD | K3: MUC LUONG HUONG | O3: CHAM CONG | R3: Mức lương lên bảng lương
K4: LUONG THANG TRUOC | L4: LUONG DIEU CHINH | M4: NGAY DIEU CHINH | N4: NOI DUNG DIEU CHINH | O4: Trước điều chỉnh | P4: Sau điều chỉnh | Q4: Tổng
C5: 1 | D5: 2 | E5: 3 | F5: 4 | G5: 5 | H5: 6 | I5: 7 | J5: 8 | K5: 9 | L5: 10 | M5: 11 | N5: 12 | O5: 13 | P5: 14 | Q5: 15 | R5: 16
A6: ADS | B6: 1 | C6: =VLOOKUP(B6,'1.2 HR-Data luong'!A:B,2,0) -> ADS01 | D6: =VLOOKUP($C6,'1.2 HR-Data luong'!$B:$BG,D$5,0) -> BD01 HN | E6: =VLOOKUP($C6,'1.2 HR-Data luong'!$B:$BG,E$5,0) -> NguyenVanA | F6: =VLOOKUP($C6,'1.2 HR-Data luong'!$B:$BG,F$5,0) -> Nguyễn Văn A | G6: =VLOOKUP($C6,'1.2 HR-Data luong'!$B:$BG,G$5,0) -> HN | H6: =VLOOKUP($C6,'1.2 HR-Data luong'!$B:$BG,H$5,0) -> Trưởng phòng | I6: =VLOOKUP($C6,'1.2 HR-Data luong'!$B:$BG,I$5,0) -> TP C1 | J6: =VLOOKUP($C6,'1.2 HR-Data luong'!$B:$BG,J$5,0) -> CT | K6: =VLOOKUP($C6,'1.2 HR-Data luong'!$B:$BG,'1.2 HR-Data luong'!L$5,0) -> 1000000 | L6: =VLOOKUP($C6,'1.2 HR-Data luong'!$B:$BG,'1.2 HR-Data luong'!M$5,0) -> 5000000 | M6: =VLOOKUP($C6,'1.2 HR-Data luong'!$B:$BG,'1.2 HR-Data luong'!N$5,0) -> 42919 | N6: =VLOOKUP($C6,'1.2 HR-Data luong'!$B:$BG,'1.2 HR-Data luong'!O$5,0) -> Tăng lương do tăng cấp | O6: =VLOOKUP($C6,'1.2 HR-Data luong'!$B:$BG,'1.2 HR-Data luong'!P$5,0) -> 4 | P6: =VLOOKUP($C6,'1.2 HR-Data luong'!$B:$BG,'1.2 HR-Data luong'!Q$5,0) -> 18.5 | Q6: =VLOOKUP($C6,'1.2 HR-Data luong'!$B:$BG,'1.2 HR-Data luong'!R$5,0) -> 20.5 | R6: =(K6*O6+L6*P6)/Q6 -> 4707317.1
A7: ADS | B7: 2 | C7: =VLOOKUP(B7,'1.2 HR-Data luong'!A:B,2,0) -> ADS02 | D7: =VLOOKUP($C7,'1.2 HR-Data luong'!$B:$BG,D$5,0) -> BD01 HN | E7: =VLOOKUP($C7,'1.2 HR-Data luong'!$B:$BG,E$5,0) -> NguyenVanB | F7: =VLOOKUP($C7,'1.2 HR-Data luong'!$B:$BG,F$5,0) -> Nguyễn Văn B | G7: =VLOOKUP($C7,'1.2 HR-Data luong'!$B:$BG,G$5,0) -> HN | H7: =VLOOKUP($C7,'1.2 HR-Data luong'!$B:$BG,H$5,0) -> Nhân viên | I7: =VLOOKUP($C7,'1.2 HR-Data luong'!$B:$BG,I$5,0) -> C1 | J7: =VLOOKUP($C7,'1.2 HR-Data luong'!$B:$BG,J$5,0) -> CT | K7: =VLOOKUP($C7,'1.2 HR-Data luong'!$B:$BG,'1.2 HR-Data luong'!L$5,0) -> 2000000 | L7: =VLOOKUP($C7,'1.2 HR-Data luong'!$B:$BG,'1.2 HR-Data luong'!M$5,0) -> 0 | M7: =VLOOKUP($C7,'1.2 HR-Data luong'!$B:$BG,'1.2 HR-Data luong'!N$5,0) -> 0 | N7: =VLOOKUP($C7,'1.2 HR-Data luong'!$B:$BG,'1.2 HR-Data luong'!O$5,0) -> 0 | O7: =VLOOKUP($C7,'1.2 HR-Data luong'!$B:$BG,'1.2 HR-Data luong'!P$5,0) -> 22.5 | P7: =VLOOKUP($C7,'1.2 HR-Data luong'!$B:$BG,'1.2 HR-Data luong'!Q$5,0) -> 0 | Q7: =VLOOKUP($C7,'1.2 HR-Data luong'!$B:$BG,'1.2 HR-Data luong'!R$5,0) -> 20.5 | R7: =(K7*O7+L7*P7)/Q7 -> 2195122
A8: ADS | B8: 3 | C8: =VLOOKUP(B8,'1.2 HR-Data luong'!A:B,2,0) -> ADS03 | D8: =VLOOKUP($C8,'1.2 HR-Data luong'!$B:$BG,D$5,0) -> BD02 HN | E8: =VLOOKUP($C8,'1.2 HR-Data luong'!$B:$BG,E$5,0) -> NguyenVanC | F8: =VLOOKUP($C8,'1.2 HR-Data luong'!$B:$BG,F$5,0) -> Nguyễn Văn C | G8: =VLOOKUP($C8,'1.2 HR-Data luong'!$B:$BG,G$5,0) -> HN | H8: =VLOOKUP($C8,'1.2 HR-Data luong'!$B:$BG,H$5,0) -> Trưởng phòng | I8: =VLOOKUP($C8,'1.2 HR-Data luong'!$B:$BG,I$5,0) -> TP C2 | J8: =VLOOKUP($C8,'1.2 HR-Data luong'!$B:$BG,J$5,0) -> CT | K8: =VLOOKUP($C8,'1.2 HR-Data luong'!$B:$BG,'1.2 HR-Data luong'!L$5,0) -> 3000000 | L8: =VLOOKUP($C8,'1.2 HR-Data luong'!$B:$BG,'1.2 HR-Data luong'!M$5,0) -> 0 | M8: =VLOOKUP($C8,'1.2 HR-Data luong'!$B:$BG,'1.2 HR-Data luong'!N$5,0) -> 0 | N8: =VLOOKUP($C8,'1.2 HR-Data luong'!$B:$BG,'1.2 HR-Data luong'!O$5,0) -> 0 | O8: =VLOOKUP($C8,'1.2 HR-Data luong'!$B:$BG,'1.2 HR-Data luong'!P$5,0) -> 22.5 | P8: =VLOOKUP($C8,'1.2 HR-Data luong'!$B:$BG,'1.2 HR-Data luong'!Q$5,0) -> 0 | Q8: =VLOOKUP($C8,'1.2 HR-Data luong'!$B:$BG,'1.2 HR-Data luong'!R$5,0) -> 20.5 | R8: =(K8*O8+L8*P8)/Q8 -> 3292682.9
A9: ADS | B9: 4 | C9: =VLOOKUP(B9,'1.2 HR-Data luong'!A:B,2,0) -> ADS04 | D9: =VLOOKUP($C9,'1.2 HR-Data luong'!$B:$BG,D$5,0) -> BD02 HN | E9: =VLOOKUP($C9,'1.2 HR-Data luong'!$B:$BG,E$5,0) -> NguyenVanD | F9: =VLOOKUP($C9,'1.2 HR-Data luong'!$B:$BG,F$5,0) -> Nguyễn Văn D | G9: =VLOOKUP($C9,'1.2 HR-Data luong'!$B:$BG,G$5,0) -> HN | H9: =VLOOKUP($C9,'1.2 HR-Data luong'!$B:$BG,H$5,0) -> Nhân viên | I9: =VLOOKUP($C9,'1.2 HR-Data luong'!$B:$BG,I$5,0) -> C2 | J9: =VLOOKUP($C9,'1.2 HR-Data luong'!$B:$BG,J$5,0) -> CT | K9: =VLOOKUP($C9,'1.2 HR-Data luong'!$B:$BG,'1.2 HR-Data luong'!L$5,0) -> 4000000 | L9: =VLOOKUP($C9,'1.2 HR-Data luong'!$B:$BG,'1.2 HR-Data luong'!M$5,0) -> 0 | M9: =VLOOKUP($C9,'1.2 HR-Data luong'!$B:$BG,'1.2 HR-Data luong'!N$5,0) -> 0 | N9: =VLOOKUP($C9,'1.2 HR-Data luong'!$B:$BG,'1.2 HR-Data luong'!O$5,0) -> 0 | O9: =VLOOKUP($C9,'1.2 HR-Data luong'!$B:$BG,'1.2 HR-Data luong'!P$5,0) -> 22.5 | P9: =VLOOKUP($C9,'1.2 HR-Data luong'!$B:$BG,'1.2 HR-Data luong'!Q$5,0) -> 0 | Q9: =VLOOKUP($C9,'1.2 HR-Data luong'!$B:$BG,'1.2 HR-Data luong'!R$5,0) -> 20.5 | R9: =(K9*O9+L9*P9)/Q9 -> 4390243.9
A10: ADS | B10: 5 | C10: =VLOOKUP(B10,'1.2 HR-Data luong'!A:B,2,0) -> ADS05 | D10: =VLOOKUP($C10,'1.2 HR-Data luong'!$B:$BG,D$5,0) -> BD02 HN | E10: =VLOOKUP($C10,'1.2 HR-Data luong'!$B:$BG,E$5,0) -> NguyenVanE | F10: =VLOOKUP($C10,'1.2 HR-Data luong'!$B:$BG,F$5,0) -> Nguyễn Văn E | G10: =VLOOKUP($C10,'1.2 HR-Data luong'!$B:$BG,G$5,0) -> HN | H10: =VLOOKUP($C10,'1.2 HR-Data luong'!$B:$BG,H$5,0) -> Nhân viên | I10: =VLOOKUP($C10,'1.2 HR-Data luong'!$B:$BG,I$5,0) -> C3 | J10: =VLOOKUP($C10,'1.2 HR-Data luong'!$B:$BG,J$5,0) -> CT | K10: =VLOOKUP($C10,'1.2 HR-Data luong'!$B:$BG,'1.2 HR-Data luong'!L$5,0) -> 5000000 | L10: =VLOOKUP($C10,'1.2 HR-Data luong'!$B:$BG,'1.2 HR-Data luong'!M$5,0) -> 10000000 | M10: =VLOOKUP($C10,'1.2 HR-Data luong'!$B:$BG,'1.2 HR-Data luong'!N$5,0) -> 42917 | N10: =VLOOKUP($C10,'1.2 HR-Data luong'!$B:$BG,'1.2 HR-Data luong'!O$5,0) -> Tăng lương do tăng cấp | O10: =VLOOKUP($C10,'1.2 HR-Data luong'!$B:$BG,'1.2 HR-Data luong'!P$5,0) -> 2 | P10: =VLOOKUP($C10,'1.2 HR-Data luong'!$B:$BG,'1.2 HR-Data luong'!Q$5,0) -> 20.5 | Q10: =VLOOKUP($C10,'1.2 HR-Data luong'!$B:$BG,'1.2 HR-Data luong'!R$5,0) -> 20.5 | R10: =(K10*O10+L10*P10)/Q10 -> 10487805
A11: ADS | B11: 6 | C11: =VLOOKUP(B11,'1.2 HR-Data luong'!A:B,2,0) -> ADS06 | D11: =VLOOKUP($C11,'1.2 HR-Data luong'!$B:$BG,D$5,0) -> BD03 SG | E11: =VLOOKUP($C11,'1.2 HR-Data luong'!$B:$BG,E$5,0) -> NguyenVanF | F11: =VLOOKUP($C11,'1.2 HR-Data luong'!$B:$BG,F$5,0) -> Nguyễn Văn F | G11: =VLOOKUP($C11,'1.2 HR-Data luong'!$B:$BG,G$5,0) -> HCM | H11: =VLOOKUP($C11,'1.2 HR-Data luong'!$B:$BG,H$5,0) -> Trưởng phòng | I11: =VLOOKUP($C11,'1.2 HR-Data luong'!$B:$BG,I$5,0) -> TP C3 | J11: =VLOOKUP($C11,'1.2 HR-Data luong'!$B:$BG,J$5,0) -> CT | K11: =VLOOKUP($C11,'1.2 HR-Data luong'!$B:$BG,'1.2 HR-Data luong'!L$5,0) -> 6000000 | L11: =VLOOKUP($C11,'1.2 HR-Data luong'!$B:$BG,'1.2 HR-Data luong'!M$5,0) -> 0 | M11: =VLOOKUP($C11,'1.2 HR-Data luong'!$B:$BG,'1.2 HR-Data luong'!N$5,0) -> 0 | N11: =VLOOKUP($C11,'1.2 HR-Data luong'!$B:$BG,'1.2 HR-Data luong'!O$5,0) -> 0 | O11: =VLOOKUP($C11,'1.2 HR-Data luong'!$B:$BG,'1.2 HR-Data luong'!P$5,0) -> 22.5 | P11: =VLOOKUP($C11,'1.2 HR-Data luong'!$B:$BG,'1.2 HR-Data luong'!Q$5,0) -> 0 | Q11: =VLOOKUP($C11,'1.2 HR-Data luong'!$B:$BG,'1.2 HR-Data luong'!R$5,0) -> 22.5 | R11: =(K11*O11+L11*P11)/Q11 -> 6000000
A12: ADS | B12: 7 | C12: =VLOOKUP(B12,'1.2 HR-Data luong'!A:B,2,0) -> ADS07 | D12: =VLOOKUP($C12,'1.2 HR-Data luong'!$B:$BG,D$5,0) -> BD03 SG | E12: =VLOOKUP($C12,'1.2 HR-Data luong'!$B:$BG,E$5,0) -> NguyenVanG | F12: =VLOOKUP($C12,'1.2 HR-Data luong'!$B:$BG,F$5,0) -> Nguyễn Văn G | G12: =VLOOKUP($C12,'1.2 HR-Data luong'!$B:$BG,G$5,0) -> HCM | H12: =VLOOKUP($C12,'1.2 HR-Data luong'!$B:$BG,H$5,0) -> Nhân viên | I12: =VLOOKUP($C12,'1.2 HR-Data luong'!$B:$BG,I$5,0) -> C4 | J12: =VLOOKUP($C12,'1.2 HR-Data luong'!$B:$BG,J$5,0) -> CT | K12: =VLOOKUP($C12,'1.2 HR-Data luong'!$B:$BG,'1.2 HR-Data luong'!L$5,0) -> 7000000 | L12: =VLOOKUP($C12,'1.2 HR-Data luong'!$B:$BG,'1.2 HR-Data luong'!M$5,0) -> 0 | M12: =VLOOKUP($C12,'1.2 HR-Data luong'!$B:$BG,'1.2 HR-Data luong'!N$5,0) -> 0 | N12: =VLOOKUP($C12,'1.2 HR-Data luong'!$B:$BG,'1.2 HR-Data luong'!O$5,0) -> 0 | O12: =VLOOKUP($C12,'1.2 HR-Data luong'!$B:$BG,'1.2 HR-Data luong'!P$5,0) -> 22.5 | P12: =VLOOKUP($C12,'1.2 HR-Data luong'!$B:$BG,'1.2 HR-Data luong'!Q$5,0) -> 0 | Q12: =VLOOKUP($C12,'1.2 HR-Data luong'!$B:$BG,'1.2 HR-Data luong'!R$5,0) -> 22.5 | R12: =(K12*O12+L12*P12)/Q12 -> 7000000
A13: ADS | B13: 8 | C13: =VLOOKUP(B13,'1.2 HR-Data luong'!A:B,2,0) -> ADS08 | D13: =VLOOKUP($C13,'1.2 HR-Data luong'!$B:$BG,D$5,0) -> BD03 SG | E13: =VLOOKUP($C13,'1.2 HR-Data luong'!$B:$BG,E$5,0) -> NguyenVanH | F13: =VLOOKUP($C13,'1.2 HR-Data luong'!$B:$BG,F$5,0) -> Nguyễn Văn H | G13: =VLOOKUP($C13,'1.2 HR-Data luong'!$B:$BG,G$5,0) -> HCM | H13: =VLOOKUP($C13,'1.2 HR-Data luong'!$B:$BG,H$5,0) -> Nhân viên | I13: =VLOOKUP($C13,'1.2 HR-Data luong'!$B:$BG,I$5,0) -> S1 | J13: =VLOOKUP($C13,'1.2 HR-Data luong'!$B:$BG,J$5,0) -> CT | K13: =VLOOKUP($C13,'1.2 HR-Data luong'!$B:$BG,'1.2 HR-Data luong'!L$5,0) -> 8000000 | L13: =VLOOKUP($C13,'1.2 HR-Data luong'!$B:$BG,'1.2 HR-Data luong'!M$5,0) -> 10000000 | M13: =VLOOKUP($C13,'1.2 HR-Data luong'!$B:$BG,'1.2 HR-Data luong'!N$5,0) -> 42931 | N13: =VLOOKUP($C13,'1.2 HR-Data luong'!$B:$BG,'1.2 HR-Data luong'!O$5,0) -> Tăng lương do tăng cấp | O13: =VLOOKUP($C13,'1.2 HR-Data luong'!$B:$BG,'1.2 HR-Data luong'!P$5,0) -> 10 | P13: =VLOOKUP($C13,'1.2 HR-Data luong'!$B:$BG,'1.2 HR-Data luong'!Q$5,0) -> 12.5 | Q13: =VLOOKUP($C13,'1.2 HR-Data luong'!$B:$BG,'1.2 HR-Data luong'!R$5,0) -> 22.5 | R13: =(K13*O13+L13*P13)/Q13 -> 9111111.1
A14: ADS | B14: 9 | C14: =VLOOKUP(B14,'1.2 HR-Data luong'!A:B,2,0) -> ADS09 | D14: =VLOOKUP($C14,'1.2 HR-Data luong'!$B:$BG,D$5,0) -> HR HN | E14: =VLOOKUP($C14,'1.2 HR-Data luong'!$B:$BG,E$5,0) -> NguyenVanI | F14: =VLOOKUP($C14,'1.2 HR-Data luong'!$B:$BG,F$5,0) -> Nguyễn Văn I | G14: =VLOOKUP($C14,'1.2 HR-Data luong'!$B:$BG,G$5,0) -> HN | H14: =VLOOKUP($C14,'1.2 HR-Data luong'!$B:$BG,H$5,0) -> Trưởng phòng | I14: =VLOOKUP($C14,'1.2 HR-Data luong'!$B:$BG,I$5,0) -> TP KPC | J14: =VLOOKUP($C14,'1.2 HR-Data luong'!$B:$BG,J$5,0) -> CT | K14: =VLOOKUP($C14,'1.2 HR-Data luong'!$B:$BG,'1.2 HR-Data luong'!L$5,0) -> 9000000 | L14: =VLOOKUP($C14,'1.2 HR-Data luong'!$B:$BG,'1.2 HR-Data luong'!M$5,0) -> 0 | M14: =VLOOKUP($C14,'1.2 HR-Data luong'!$B:$BG,'1.2 HR-Data luong'!N$5,0) -> 0 | N14: =VLOOKUP($C14,'1.2 HR-Data luong'!$B:$BG,'1.2 HR-Data luong'!O$5,0) -> 0 | O14: =VLOOKUP($C14,'1.2 HR-Data luong'!$B:$BG,'1.2 HR-Data luong'!P$5,0) -> 22.5 | P14: =VLOOKUP($C14,'1.2 HR-Data luong'!$B:$BG,'1.2 HR-Data luong'!Q$5,0) -> 0 | Q14: =VLOOKUP($C14,'1.2 HR-Data luong'!$B:$BG,'1.2 HR-Data luong'!R$5,0) -> 22.5 | R14: =(K14*O14+L14*P14)/Q14 -> 9000000
A15: ADS | B15: 10 | C15: =VLOOKUP(B15,'1.2 HR-Data luong'!A:B,2,0) -> ADS10 | D15: =VLOOKUP($C15,'1.2 HR-Data luong'!$B:$BG,D$5,0) -> HR HN | E15: =VLOOKUP($C15,'1.2 HR-Data luong'!$B:$BG,E$5,0) -> NguyenVanK | F15: =VLOOKUP($C15,'1.2 HR-Data luong'!$B:$BG,F$5,0) -> Nguyễn Văn K | G15: =VLOOKUP($C15,'1.2 HR-Data luong'!$B:$BG,G$5,0) -> HN | H15: =VLOOKUP($C15,'1.2 HR-Data luong'!$B:$BG,H$5,0) -> Nhân viên | I15: =VLOOKUP($C15,'1.2 HR-Data luong'!$B:$BG,I$5,0) -> C1 | J15: =VLOOKUP($C15,'1.2 HR-Data luong'!$B:$BG,J$5,0) -> CT | K15: =VLOOKUP($C15,'1.2 HR-Data luong'!$B:$BG,'1.2 HR-Data luong'!L$5,0) -> 10000000 | L15: =VLOOKUP($C15,'1.2 HR-Data luong'!$B:$BG,'1.2 HR-Data luong'!M$5,0) -> 0 | M15: =VLOOKUP($C15,'1.2 HR-Data luong'!$B:$BG,'1.2 HR-Data luong'!N$5,0) -> 0 | N15: =VLOOKUP($C15,'1.2 HR-Data luong'!$B:$BG,'1.2 HR-Data luong'!O$5,0) -> 0 | O15: =VLOOKUP($C15,'1.2 HR-Data luong'!$B:$BG,'1.2 HR-Data luong'!P$5,0) -> 22.5 | P15: =VLOOKUP($C15,'1.2 HR-Data luong'!$B:$BG,'1.2 HR-Data luong'!Q$5,0) -> 0 | Q15: =VLOOKUP($C15,'1.2 HR-Data luong'!$B:$BG,'1.2 HR-Data luong'!R$5,0) -> 22.5 | R15: =(K15*O15+L15*P15)/Q15 -> 10000000

Sheet 3.2 ERP-PC THAM NIEN
A1: Bảng tính PC thâm niên
A3: Mã cty | B3: TT | C3: Mã NV | D3: Phòng | E3: HO TEN | F3: Họ tên | G3: VP | H3: Chức vụ | I3: Cấp bậc | J3: Loai HDLD | K3: MUC LUONG HUONG | O3: CHAM CONG | R3: Phụ cấp thâm niên | V3: Công tính % thâm niên | Y3: Mức lương 1 | Z3: Tỷ lệ thâm niên 1 | AA3: Số ngày (1) | AB3: Mức lương 1 | AC3: Tỷ lệ thâm niên 2 | AD3: Số ngày (2) | AE3: Mức lương 2 | AF3: Tỷ lệ thâm niên 1 | AG3: Số ngày (3) | AH3: Mức lương 2 | AI3: Tỷ lệ thâm niên 2 | AJ3: Số ngày (4) | AK3: Mức thâm niên
K4: LUONG THANG TRUOC | L4: LUONG DIEU CHINH | M4: NGAY DIEU CHINH | N4: NOI DUNG DIEU CHINH | O4: Trước điều chỉnh | P4: Sau điều chỉnh | Q4: Tổng | R4: % được hưởng tháng trước | S4: % điều chỉnh | T4: Ngày điều chỉnh | U4: Nội dung điều chỉnh | V4: Trước điều chỉnh | W4: Sau điều chỉnh | X4: Tổng | AL4: Check
C5: 1 | D5: 2 | E5: 3 | F5: 4 | G5: 5 | H5: 6 | I5: 7 | J5: 8 | K5: 9 | L5: 10 | M5: 11 | N5: 12 | O5: 13 | P5: 14 | Q5: 15 | R5: 16 | S5: 17 | T5: 18 | U5: 19 | V5: 20 | W5: 21 | X5: 22 | Y5: 23 | Z5: 24 | AA5: 25 | AB5: 26 | AC5: 27 | AD5: 28 | AE5: 29 | AF5: 30 | AG5: 31 | AH5: 32 | AI5: 33 | AJ5: 34 | AK5: 35
A6: ADS | B6: 1 | C6: =VLOOKUP(B6,'1.2 HR-Data luong'!A:B,2,0) -> ADS01 | D6: =VLOOKUP($C6,'1.2 HR-Data luong'!$B:$BG,D$5,0) -> BD01 HN | E6: =VLOOKUP($C6,'1.2 HR-Data luong'!$B:$BG,E$5,0) -> NguyenVanA | F6: =VLOOKUP($C6,'1.2 HR-Data luong'!$B:$BG,F$5,0) -> Nguyễn Văn A | G6: =VLOOKUP($C6,'1.2 HR-Data luong'!$B:$BG,G$5,0) -> HN | H6: =VLOOKUP($C6,'1.2 HR-Data luong'!$B:$BG,H$5,0) -> Trưởng phòng | I6: =VLOOKUP($C6,'1.2 HR-Data luong'!$B:$BG,I$5,0) -> TP C1 | J6: =VLOOKUP($C6,'1.2 HR-Data luong'!$B:$BG,J$5,0) -> CT | K6: =VLOOKUP($C6,'1.2 HR-Data luong'!$B:$BG,'1.2 HR-Data luong'!L$5,0) -> 1000000 | L6: =VLOOKUP($C6,'1.2 HR-Data luong'!$B:$BG,'1.2 HR-Data luong'!M$5,0) -> 5000000 | M6: =VLOOKUP($C6,'1.2 HR-Data luong'!$B:$BG,'1.2 HR-Data luong'!N$5,0) -> 42919 | N6: =VLOOKUP($C6,'1.2 HR-Data luong'!$B:$BG,'1.2 HR-Data luong'!O$5,0) -> Tăng lương do tăng cấp | O6: =VLOOKUP($C6,'1.2 HR-Data luong'!$B:$BG,'1.2 HR-Data luong'!P$5,0) -> 4 | P6: =VLOOKUP($C6,'1.2 HR-Data luong'!$B:$BG,'1.2 HR-Data luong'!Q$5,0) -> 18.5 | Q6: =VLOOKUP($C6,'1.2 HR-Data luong'!$B:$BG,'1.2 HR-Data luong'!R$5,0) -> 20.5 | R6: =VLOOKUP($C6,'1.2 HR-Data luong'!$B:$BG,'1.2 HR-Data luong'!W$5,0) -> 0.01 | S6: =VLOOKUP($C6,'1.2 HR-Data luong'!$B:$BG,'1.2 HR-Data luong'!X$5,0) -> 0.02 | T6: =VLOOKUP($C6,'1.2 HR-Data luong'!$B:$BG,'1.2 HR-Data luong'!Y$5,0) -> 42917 | U6: =VLOOKUP($C6,'1.2 HR-Data luong'!$B:$BG,'1.2 HR-Data luong'!Z$5,0) -> Đủ 3 năm công tác | V6: =VLOOKUP($C6,'1.2 HR-Data luong'!$B:$BG,'1.2 HR-Data luong'!AA$5,0) -> 2 | W6: =VLOOKUP($C6,'1.2 HR-Data luong'!$B:$BG,'1.2 HR-Data luong'!AB$5,0) -> 20.5 | X6: =VLOOKUP($C6,'1.2 HR-Data luong'!$B:$BG,'1.2 HR-Data luong'!AC$5,0) -> 22.5 | Y6: =K6 -> 1000000 | Z6: =R6 -> 0.01 | AA6: =MIN(O6,V6) -> 2 | AB6: =Y6 -> 1000000 | AC6: =IF(T6>0,S6,R6) -> 0.02 | AD6: =MAX(0,O6-AA6) -> 2 | AE6: =L6 -> 5000000 | AF6: =R6 -> 0.01 | AG6: =MAX(0,V6-AA6) -> 0 | AH6: =L6 -> 5000000 | AI6: =IF(T6>0,S6,R6) -> 0.02 | AJ6: =MAX(0,W6-AD6) -> 18.5 | AK6: =(Y6*Z6*AA6+AB6*AC6*AD6+AE6*AF6*AG6+AH6*AI6*AJ6)/(AA6+AD6+AG6+AJ6) -> 84888.889 | AL6: =SUM(AA6,AD6)-O6 -> 0 | AM6: =SUM(AG6,AJ6)-P6 -> 0 | AN6: =SUM(AA6,AG6)-V6 -> 0 | AO6: =SUM(AD6,AJ6)-W6 -> 0
A7: ADS | B7: 2 | C7: =VLOOKUP(B7,'1.2 HR-Data luong'!A:B,2,0) -> ADS02 | D7: =VLOOKUP($C7,'1.2 HR-Data luong'!$B:$BG,D$5,0) -> BD01 HN | E7: =VLOOKUP($C7,'1.2 HR-Data luong'!$B:$BG,E$5,0) -> NguyenVanB | F7: =VLOOKUP($C7,'1.2 HR-Data luong'!$B:$BG,F$5,0) -> Nguyễn Văn B | G7: =VLOOKUP($C7,'1.2 HR-Data luong'!$B:$BG,G$5,0) -> HN | H7: =VLOOKUP($C7,'1.2 HR-Data luong'!$B:$BG,H$5,0) -> Nhân viên | I7: =VLOOKUP($C7,'1.2 HR-Data luong'!$B:$BG,I$5,0) -> C1 | J7: =VLOOKUP($C7,'1.2 HR-Data luong'!$B:$BG,J$5,0) -> CT | K7: =VLOOKUP($C7,'1.2 HR-Data luong'!$B:$BG,'1.2 HR-Data luong'!L$5,0) -> 2000000 | L7: =VLOOKUP($C7,'1.2 HR-Data luong'!$B:$BG,'1.2 HR-Data luong'!M$5,0) -> 0 | M7: =VLOOKUP($C7,'1.2 HR-Data luong'!$B:$BG,'1.2 HR-Data luong'!N$5,0) -> 0 | N7: =VLOOKUP($C7,'1.2 HR-Data luong'!$B:$BG,'1.2 HR-Data luong'!O$5,0) -> 0 | O7: =VLOOKUP($C7,'1.2 HR-Data luong'!$B:$BG,'1.2 HR-Data luong'!P$5,0) -> 22.5 | P7: =VLOOKUP($C7,'1.2 HR-Data luong'!$B:$BG,'1.2 HR-Data luong'!Q$5,0) -> 0 | Q7: =VLOOKUP($C7,'1.2 HR-Data luong'!$B:$BG,'1.2 HR-Data luong'!R$5,0) -> 20.5 | R7: =VLOOKUP($C7,'1.2 HR-Data luong'!$B:$BG,'1.2 HR-Data luong'!W$5,0) -> 0.02 | S7: =VLOOKUP($C7,'1.2 HR-Data luong'!$B:$BG,'1.2 HR-Data luong'!X$5,0) -> 0 | T7: =VLOOKUP($C7,'1.2 HR-Data luong'!$B:$BG,'1.2 HR-Data luong'!Y$5,0) -> 0 | U7: =VLOOKUP($C7,'1.2 HR-Data luong'!$B:$BG,'1.2 HR-Data luong'!Z$5,0) -> 0 | V7: =VLOOKUP($C7,'1.2 HR-Data luong'!$B:$BG,'1.2 HR-Data luong'!AA$5,0) -> 22.5 | W7: =VLOOKUP($C7,'1.2 HR-Data luong'!$B:$BG,'1.2 HR-Data luong'!AB$5,0) -> 0 | X7: =VLOOKUP($C7,'1.2 HR-Data luong'!$B:$BG,'1.2 HR-Data luong'!AC$5,0) -> 22.5 | Y7: =K7 -> 2000000 | Z7: =R7 -> 0.02 | AA7: =MIN(O7,V7) -> 22.5 | AB7: =Y7 -> 2000000 | AC7: =IF(T7>0,S7,R7) -> 0.02 | AD7: =MAX(0,O7-AA7) -> 0 | AE7: =L7 -> 0 | AF7: =R7 -> 0.02 | AG7: =MAX(0,V7-AA7) -> 0 | AH7: =L7 -> 0 | AI7: =IF(T7>0,S7,R7) -> 0.02 | AJ7: =MAX(0,W7-AD7) -> 0 | AK7: =(Y7*Z7*AA7+AB7*AC7*AD7+AE7*AF7*AG7+AH7*AI7*AJ7)/(AA7+AD7+AG7+AJ7) -> 40000 | AL7: =SUM(AA7,AD7)-O7 -> 0 | AM7: =SUM(AG7,AJ7)-P7 -> 0 | AN7: =SUM(AA7,AG7)-V7 -> 0 | AO7: =SUM(AD7,AJ7)-W7 -> 0
A8: ADS | B8: 3 | C8: =VLOOKUP(B8,'1.2 HR-Data luong'!A:B,2,0) -> ADS03 | D8: =VLOOKUP($C8,'1.2 HR-Data luong'!$B:$BG,D$5,0) -> BD02 HN | E8: =VLOOKUP($C8,'1.2 HR-Data luong'!$B:$BG,E$5,0) -> NguyenVanC | F8: =VLOOKUP($C8,'1.2 HR-Data luong'!$B:$BG,F$5,0) -> Nguyễn Văn C | G8: =VLOOKUP($C8,'1.2 HR-Data luong'!$B:$BG,G$5,0) -> HN | H8: =VLOOKUP($C8,'1.2 HR-Data luong'!$B:$BG,H$5,0) -> Trưởng phòng | I8: =VLOOKUP($C8,'1.2 HR-Data luong'!$B:$BG,I$5,0) -> TP C2 | J8: =VLOOKUP($C8,'1.2 HR-Data luong'!$B:$BG,J$5,0) -> CT | K8: =VLOOKUP($C8,'1.2 HR-Data luong'!$B:$BG,'1.2 HR-Data luong'!L$5,0) -> 3000000 | L8: =VLOOKUP($C8,'1.2 HR-Data luong'!$B:$BG,'1.2 HR-Data luong'!M$5,0) -> 0 | M8: =VLOOKUP($C8,'1.2 HR-Data luong'!$B:$BG,'1.2 HR-Data luong'!N$5,0) -> 0 | N8: =VLOOKUP($C8,'1.2 HR-Data luong'!$B:$BG,'1.2 HR-Data luong'!O$5,0) -> 0 | O8: =VLOOKUP($C8,'1.2 HR-Data luong'!$B:$BG,'1.2 HR-Data luong'!P$5,0) -> 22.5 | P8: =VLOOKUP($C8,'1.2 HR-Data luong'!$B:$BG,'1.2 HR-Data luong'!Q$5,0) -> 0 | Q8: =VLOOKUP($C8,'1.2 HR-Data luong'!$B:$BG,'1.2 HR-Data luong'!R$5,0) -> 20.5 | R8: =VLOOKUP($C8,'1.2 HR-Data luong'!$B:$BG,'1.2 HR-Data luong'!W$5,0) -> 0.03 | S8: =VLOOKUP($C8,'1.2 HR-Data luong'!$B:$BG,'1.2 HR-Data luong'!X$5,0) -> 0 | T8: =VLOOKUP($C8,'1.2 HR-Data luong'!$B:$BG,'1.2 HR-Data luong'!Y$5,0) -> 0 | U8: =VLOOKUP($C8,'1.2 HR-Data luong'!$B:$BG,'1.2 HR-Data luong'!Z$5,0) -> 0 | V8: =VLOOKUP($C8,'1.2 HR-Data luong'!$B:$BG,'1.2 HR-Data luong'!AA$5,0) -> 22.5 | W8: =VLOOKUP($C8,'1.2 HR-Data luong'!$B:$BG,'1.2 HR-Data luong'!AB$5,0) -> 0 | X8: =VLOOKUP($C8,'1.2 HR-Data luong'!$B:$BG,'1.2 HR-Data luong'!AC$5,0) -> 22.5 | Y8: =K8 -> 3000000 | Z8: =R8 -> 0.03 | AA8: =MIN(O8,V8) -> 22.5 | AB8: =Y8 -> 3000000 | AC8: =IF(T8>0,S8,R8) -> 0.03 | AD8: =MAX(0,O8-AA8) -> 0 | AE8: =L8 -> 0 | AF8: =R8 -> 0.03 | AG8: =MAX(0,V8-AA8) -> 0 | AH8: =L8 -> 0 | AI8: =IF(T8>0,S8,R8) -> 0.03 | AJ8: =MAX(0,W8-AD8) -> 0 | AK8: =(Y8*Z8*AA8+AB8*AC8*AD8+AE8*AF8*AG8+AH8*AI8*AJ8)/(AA8+AD8+AG8+AJ8) -> 90000 | AL8: =SUM(AA8,AD8)-O8 -> 0 | AM8: =SUM(AG8,AJ8)-P8 -> 0 | AN8: =SUM(AA8,AG8)-V8 -> 0 | AO8: =SUM(AD8,AJ8)-W8 -> 0
A9: ADS | B9: 4 | C9: =VLOOKUP(B9,'1.2 HR-Data luong'!A:B,2,0) -> ADS04 | D9: =VLOOKUP($C9,'1.2 HR-Data luong'!$B:$BG,D$5,0) -> BD02 HN | E9: =VLOOKUP($C9,'1.2 HR-Data luong'!$B:$BG,E$5,0) -> NguyenVanD | F9: =VLOOKUP($C9,'1.2 HR-Data luong'!$B:$BG,F$5,0) -> Nguyễn Văn D | G9: =VLOOKUP($C9,'1.2 HR-Data luong'!$B:$BG,G$5,0) -> HN | H9: =VLOOKUP($C9,'1.2 HR-Data luong'!$B:$BG,H$5,0) -> Nhân viên | I9: =VLOOKUP($C9,'1.2 HR-Data luong'!$B:$BG,I$5,0) -> C2 | J9: =VLOOKUP($C9,'1.2 HR-Data luong'!$B:$BG,J$5,0) -> CT | K9: =VLOOKUP($C9,'1.2 HR-Data luong'!$B:$BG,'1.2 HR-Data luong'!L$5,0) -> 4000000 | L9: =VLOOKUP($C9,'1.2 HR-Data luong'!$B:$BG,'1.2 HR-Data luong'!M$5,0) -> 0 | M9: =VLOOKUP($C9,'1.2 HR-Data luong'!$B:$BG,'1.2 HR-Data luong'!N$5,0) -> 0 | N9: =VLOOKUP($C9,'1.2 HR-Data luong'!$B:$BG,'1.2 HR-Data luong'!O$5,0) -> 0 | O9: =VLOOKUP($C9,'1.2 HR-Data luong'!$B:$BG,'1.2 HR-Data luong'!P$5,0) -> 22.5 | P9: =VLOOKUP($C9,'1.2 HR-Data luong'!$B:$BG,'1.2 HR-Data luong'!Q$5,0) -> 0 | Q9: =VLOOKUP($C9,'1.2 HR-Data luong'!$B:$BG,'1.2 HR-Data luong'!R$5,0) -> 20.5 | R9: =VLOOKUP($C9,'1.2 HR-Data luong'!$B:$BG,'1.2 HR-Data luong'!W$5,0) -> 0.04 | S9: =VLOOKUP($C9,'1.2 HR-Data luong'!$B:$BG,'1.2 HR-Data luong'!X$5,0) -> 0 | T9: =VLOOKUP($C9,'1.2 HR-Data luong'!$B:$BG,'1.2 HR-Data luong'!Y$5,0) -> 0 | U9: =VLOOKUP($C9,'1.2 HR-Data luong'!$B:$BG,'1.2 HR-Data luong'!Z$5,0) -> 0 | V9: =VLOOKUP($C9,'1.2 HR-Data luong'!$B:$BG,'1.2 HR-Data luong'!AA$5,0) -> 22.5 | W9: =VLOOKUP($C9,'1.2 HR-Data luong'!$B:$BG,'1.2 HR-Data luong'!AB$5,0) -> 0 | X9: =VLOOKUP($C9,'1.2 HR-Data luong'!$B:$BG,'1.2 HR-Data luong'!AC$5,0) -> 22.5 | Y9: =K9 -> 4000000 | Z9: =R9 -> 0.04 | AA9: =MIN(O9,V9) -> 22.5 | AB9: =Y9 -> 4000000 | AC9: =IF(T9>0,S9,R9) -> 0.04 | AD9: =MAX(0,O9-AA9) -> 0 | AE9: =L9 -> 0 | AF9: =R9 -> 0.04 | AG9: =MAX(0,V9-AA9) -> 0 | AH9: =L9 -> 0 | AI9: =IF(T9>0,S9,R9) -> 0.04 | AJ9: =MAX(0,W9-AD9) -> 0 | AK9: =(Y9*Z9*AA9+AB9*AC9*AD9+AE9*AF9*AG9+AH9*AI9*AJ9)/(AA9+AD9+AG9+AJ9) -> 160000 | AL9: =SUM(AA9,AD9)-O9 -> 0 | AM9: =SUM(AG9,AJ9)-P9 -> 0 | AN9: =SUM(AA9,AG9)-V9 -> 0 | AO9: =SUM(AD9,AJ9)-W9 -> 0
A10: ADS | B10: 5 | C10: =VLOOKUP(B10,'1.2 HR-Data luong'!A:B,2,0) -> ADS05 | D10: =VLOOKUP($C10,'1.2 HR-Data luong'!$B:$BG,D$5,0) -> BD02 HN | E10: =VLOOKUP($C10,'1.2 HR-Data luong'!$B:$BG,E$5,0) -> NguyenVanE | F10: =VLOOKUP($C10,'1.2 HR-Data luong'!$B:$BG,F$5,0) -> Nguyễn Văn E | G10: =VLOOKUP($C10,'1.2 HR-Data luong'!$B:$BG,G$5,0) -> HN | H10: =VLOOKUP($C10,'1.2 HR-Data luong'!$B:$BG,H$5,0) -> Nhân viên | I10: =VLOOKUP($C10,'1.2 HR-Data luong'!$B:$BG,I$5,0) -> C3 | J10: =VLOOKUP($C10,'1.2 HR-Data luong'!$B:$BG,J$5,0) -> CT | K10: =VLOOKUP($C10,'1.2 HR-Data luong'!$B:$BG,'1.2 HR-Data luong'!L$5,0) -> 5000000 | L10: =VLOOKUP($C10,'1.2 HR-Data luong'!$B:$BG,'1.2 HR-Data luong'!M$5,0) -> 10000000 | M10: =VLOOKUP($C10,'1.2 HR-Data luong'!$B:$BG,'1.2 HR-Data luong'!N$5,0) -> 42917 | N10: =VLOOKUP($C10,'1.2 HR-Data luong'!$B:$BG,'1.2 HR-Data luong'!O$5,0) -> Tăng lương do tăng cấp | O10: =VLOOKUP($C10,'1.2 HR-Data luong'!$B:$BG,'1.2 HR-Data luong'!P$5,0) -> 2 | P10: =VLOOKUP($C10,'1.2 HR-Data luong'!$B:$BG,'1.2 HR-Data luong'!Q$5,0) -> 20.5 | Q10: =VLOOKUP($C10,'1.2 HR-Data luong'!$B:$BG,'1.2 HR-Data luong'!R$5,0) -> 20.5 | R10: =VLOOKUP($C10,'1.2 HR-Data luong'!$B:$BG,'1.2 HR-Data luong'!W$5,0) -> 0.05 | S10: =VLOOKUP($C10,'1.2 HR-Data luong'!$B:$BG,'1.2 HR-Data luong'!X$5,0) -> 0.06 | T10: =VLOOKUP($C10,'1.2 HR-Data luong'!$B:$BG,'1.2 HR-Data luong'!Y$5,0) -> 42916 | U10: =VLOOKUP($C10,'1.2 HR-Data luong'!$B:$BG,'1.2 HR-Data luong'!Z$5,0) -> Đủ 3 năm công tác | V10: =VLOOKUP($C10,'1.2 HR-Data luong'!$B:$BG,'1.2 HR-Data luong'!AA$5,0) -> 1 | W10: =VLOOKUP($C10,'1.2 HR-Data luong'!$B:$BG,'1.2 HR-Data luong'!AB$5,0) -> 21.5 | X10: =VLOOKUP($C10,'1.2 HR-Data luong'!$B:$BG,'1.2 HR-Data luong'!AC$5,0) -> 22.5 | Y10: =K10 -> 5000000 | Z10: =R10 -> 0.05 | AA10: =MIN(O10,V10) -> 1 | AB10: =Y10 -> 5000000 | AC10: =IF(T10>0,S10,R10) -> 0.06 | AD10: =MAX(0,O10-AA10) -> 1 | AE10: =L10 -> 10000000 | AF10: =R10 -> 0.05 | AG10: =MAX(0,V10-AA10) -> 0 | AH10: =L10 -> 10000000 | AI10: =IF(T10>0,S10,R10) -> 0.06 | AJ10: =MAX(0,W10-AD10) -> 20.5 | AK10: =(Y10*Z10*AA10+AB10*AC10*AD10+AE10*AF10*AG10+AH10*AI10*AJ10)/(AA10+AD10+AG10+AJ10) -> 571111.11 | AL10: =SUM(AA10,AD10)-O10 -> 0 | AM10: =SUM(AG10,AJ10)-P10 -> 0 | AN10: =SUM(AA10,AG10)-V10 -> 0 | AO10: =SUM(AD10,AJ10)-W10 -> 0
A11: ADS | B11: 6 | C11: =VLOOKUP(B11,'1.2 HR-Data luong'!A:B,2,0) -> ADS06 | D11: =VLOOKUP($C11,'1.2 HR-Data luong'!$B:$BG,D$5,0) -> BD03 SG | E11: =VLOOKUP($C11,'1.2 HR-Data luong'!$B:$BG,E$5,0) -> NguyenVanF | F11: =VLOOKUP($C11,'1.2 HR-Data luong'!$B:$BG,F$5,0) -> Nguyễn Văn F | G11: =VLOOKUP($C11,'1.2 HR-Data luong'!$B:$BG,G$5,0) -> HCM | H11: =VLOOKUP($C11,'1.2 HR-Data luong'!$B:$BG,H$5,0) -> Trưởng phòng | I11: =VLOOKUP($C11,'1.2 HR-Data luong'!$B:$BG,I$5,0) -> TP C3 | J11: =VLOOKUP($C11,'1.2 HR-Data luong'!$B:$BG,J$5,0) -> CT | K11: =VLOOKUP($C11,'1.2 HR-Data luong'!$B:$BG,'1.2 HR-Data luong'!L$5,0) -> 6000000 | L11: =VLOOKUP($C11,'1.2 HR-Data luong'!$B:$BG,'1.2 HR-Data luong'!M$5,0) -> 0 | M11: =VLOOKUP($C11,'1.2 HR-Data luong'!$B:$BG,'1.2 HR-Data luong'!N$5,0) -> 0 | N11: =VLOOKUP($C11,'1.2 HR-Data luong'!$B:$BG,'1.2 HR-Data luong'!O$5,0) -> 0 | O11: =VLOOKUP($C11,'1.2 HR-Data luong'!$B:$BG,'1.2 HR-Data luong'!P$5,0) -> 22.5 | P11: =VLOOKUP($C11,'1.2 HR-Data luong'!$B:$BG,'1.2 HR-Data luong'!Q$5,0) -> 0 | Q11: =VLOOKUP($C11,'1.2 HR-Data luong'!$B:$BG,'1.2 HR-Data luong'!R$5,0) -> 22.5 | R11: =VLOOKUP($C11,'1.2 HR-Data luong'!$B:$BG,'1.2 HR-Data luong'!W$5,0) -> 0.06 | S11: =VLOOKUP($C11,'1.2 HR-Data luong'!$B:$BG,'1.2 HR-Data luong'!X$5,0) -> 0 | T11: =VLOOKUP($C11,'1.2 HR-Data luong'!$B:$BG,'1.2 HR-Data luong'!Y$5,0) -> 0 | U11: =VLOOKUP($C11,'1.2 HR-Data luong'!$B:$BG,'1.2 HR-Data luong'!Z$5,0) -> 0 | V11: =VLOOKUP($C11,'1.2 HR-Data luong'!$B:$BG,'1.2 HR-Data luong'!AA$5,0) -> 22.5 | W11: =VLOOKUP($C11,'1.2 HR-Data luong'!$B:$BG,'1.2 HR-Data luong'!AB$5,0) -> 0 | X11: =VLOOKUP($C11,'1.2 HR-Data luong'!$B:$BG,'1.2 HR-Data luong'!AC$5,0) -> 22.5 | Y11: =K11 -> 6000000 | Z11: =R11 -> 0.06 | AA11: =MIN(O11,V11) -> 22.5 | AB11: =Y11 -> 6000000 | AC11: =IF(T11>0,S11,R11) -> 0.06 | AD11: =MAX(0,O11-AA11) -> 0 | AE11: =L11 -> 0 | AF11: =R11 -> 0.06 | AG11: =MAX(0,V11-AA11) -> 0 | AH11: =L11 -> 0 | AI11: =IF(T11>0,S11,R11) -> 0.06 | AJ11: =MAX(0,W11-AD11) -> 0 | AK11: =(Y11*Z11*AA11+AB11*AC11*AD11+AE11*AF11*AG11+AH11*AI11*AJ11)/(AA11+AD11+AG11+AJ11) -> 360000 | AL11: =SUM(AA11,AD11)-O11 -> 0 | AM11: =SUM(AG11,AJ11)-P11 -> 0 | AN11: =SUM(AA11,AG11)-V11 -> 0 | AO11: =SUM(AD11,AJ11)-W11 -> 0
A12: ADS | B12: 7 | C12: =VLOOKUP(B12,'1.2 HR-Data luong'!A:B,2,0) -> ADS07 | D12: =VLOOKUP($C12,'1.2 HR-Data luong'!$B:$BG,D$5,0) -> BD03 SG | E12: =VLOOKUP($C12,'1.2 HR-Data luong'!$B:$BG,E$5,0) -> NguyenVanG | F12: =VLOOKUP($C12,'1.2 HR-Data luong'!$B:$BG,F$5,0) -> Nguyễn Văn G | G12: =VLOOKUP($C12,'1.2 HR-Data luong'!$B:$BG,G$5,0) -> HCM | H12: =VLOOKUP($C12,'1.2 HR-Data luong'!$B:$BG,H$5,0) -> Nhân viên | I12: =VLOOKUP($C12,'1.2 HR-Data luong'!$B:$BG,I$5,0) -> C4 | J12: =VLOOKUP($C12,'1.2 HR-Data luong'!$B:$BG,J$5,0) -> CT | K12: =VLOOKUP($C12,'1.2 HR-Data luong'!$B:$BG,'1.2 HR-Data luong'!L$5,0) -> 7000000 | L12: =VLOOKUP($C12,'1.2 HR-Data luong'!$B:$BG,'1.2 HR-Data luong'!M$5,0) -> 0 | M12: =VLOOKUP($C12,'1.2 HR-Data luong'!$B:$BG,'1.2 HR-Data luong'!N$5,0) -> 0 | N12: =VLOOKUP($C12,'1.2 HR-Data luong'!$B:$BG,'1.2 HR-Data luong'!O$5,0) -> 0 | O12: =VLOOKUP($C12,'1.2 HR-Data luong'!$B:$BG,'1.2 HR-Data luong'!P$5,0) -> 22.5 | P12: =VLOOKUP($C12,'1.2 HR-Data luong'!$B:$BG,'1.2 HR-Data luong'!Q$5,0) -> 0 | Q12: =VLOOKUP($C12,'1.2 HR-Data luong'!$B:$BG,'1.2 HR-Data luong'!R$5,0) -> 22.5 | R12: =VLOOKUP($C12,'1.2 HR-Data luong'!$B:$BG,'1.2 HR-Data luong'!W$5,0) -> 0.07 | S12: =VLOOKUP($C12,'1.2 HR-Data luong'!$B:$BG,'1.2 HR-Data luong'!X$5,0) -> 0 | T12: =VLOOKUP($C12,'1.2 HR-Data luong'!$B:$BG,'1.2 HR-Data luong'!Y$5,0) -> 0 | U12: =VLOOKUP($C12,'1.2 HR-Data luong'!$B:$BG,'1.2 HR-Data luong'!Z$5,0) -> 0 | V12: =VLOOKUP($C12,'1.2 HR-Data luong'!$B:$BG,'1.2 HR-Data luong'!AA$5,0) -> 22.5 | W12: =VLOOKUP($C12,'1.2 HR-Data luong'!$B:$BG,'1.2 HR-Data luong'!AB$5,0) -> 0 | X12: =VLOOKUP($C12,'1.2 HR-Data luong'!$B:$BG,'1.2 HR-Data luong'!AC$5,0) -> 22.5 | Y12: =K12 -> 7000000 | Z12: =R12 -> 0.07 | AA12: =MIN(O12,V12) -> 22.5 | AB12: =Y12 -> 7000000 | AC12: =IF(T12>0,S12,R12) -> 0.07 | AD12: =MAX(0,O12-AA12) -> 0 | AE12: =L12 -> 0 | AF12: =R12 -> 0.07 | AG12: =MAX(0,V12-AA12) -> 0 | AH12: =L12 -> 0 | AI12: =IF(T12>0,S12,R12) -> 0.07 | AJ12: =MAX(0,W12-AD12) -> 0 | AK12: =(Y12*Z12*AA12+AB12*AC12*AD12+AE12*AF12*AG12+AH12*AI12*AJ12)/(AA12+AD12+AG12+AJ12) -> 490000 | AL12: =SUM(AA12,AD12)-O12 -> 0 | AM12: =SUM(AG12,AJ12)-P12 -> 0 | AN12: =SUM(AA12,AG12)-V12 -> 0 | AO12: =SUM(AD12,AJ12)-W12 -> 0
A13: ADS | B13: 8 | C13: =VLOOKUP(B13,'1.2 HR-Data luong'!A:B,2,0) -> ADS08 | D13: =VLOOKUP($C13,'1.2 HR-Data luong'!$B:$BG,D$5,0) -> BD03 SG | E13: =VLOOKUP($C13,'1.2 HR-Data luong'!$B:$BG,E$5,0) -> NguyenVanH | F13: =VLOOKUP($C13,'1.2 HR-Data luong'!$B:$BG,F$5,0) -> Nguyễn Văn H | G13: =VLOOKUP($C13,'1.2 HR-Data luong'!$B:$BG,G$5,0) -> HCM | H13: =VLOOKUP($C13,'1.2 HR-Data luong'!$B:$BG,H$5,0) -> Nhân viên | I13: =VLOOKUP($C13,'1.2 HR-Data luong'!$B:$BG,I$5,0) -> S1 | J13: =VLOOKUP($C13,'1.2 HR-Data luong'!$B:$BG,J$5,0) -> CT | K13: =VLOOKUP($C13,'1.2 HR-Data luong'!$B:$BG,'1.2 HR-Data luong'!L$5,0) -> 8000000 | L13: =VLOOKUP($C13,'1.2 HR-Data luong'!$B:$BG,'1.2 HR-Data luong'!M$5,0) -> 10000000 | M13: =VLOOKUP($C13,'1.2 HR-Data luong'!$B:$BG,'1.2 HR-Data luong'!N$5,0) -> 42931 | N13: =VLOOKUP($C13,'1.2 HR-Data luong'!$B:$BG,'1.2 HR-Data luong'!O$5,0) -> Tăng lương do tăng cấp | O13: =VLOOKUP($C13,'1.2 HR-Data luong'!$B:$BG,'1.2 HR-Data luong'!P$5,0) -> 10 | P13: =VLOOKUP($C13,'1.2 HR-Data luong'!$B:$BG,'1.2 HR-Data luong'!Q$5,0) -> 12.5 | Q13: =VLOOKUP($C13,'1.2 HR-Data luong'!$B:$BG,'1.2 HR-Data luong'!R$5,0) -> 22.5 | R13: =VLOOKUP($C13,'1.2 HR-Data luong'!$B:$BG,'1.2 HR-Data luong'!W$5,0) -> 0.08 | S13: =VLOOKUP($C13,'1.2 HR-Data luong'!$B:$BG,'1.2 HR-Data luong'!X$5,0) -> 0.09 | T13: =VLOOKUP($C13,'1.2 HR-Data luong'!$B:$BG,'1.2 HR-Data luong'!Y$5,0) -> 42933 | U13: =VLOOKUP($C13,'1.2 HR-Data luong'!$B:$BG,'1.2 HR-Data luong'!Z$5,0) -> Đủ 3 năm công tác | V13: =VLOOKUP($C13,'1.2 HR-Data luong'!$B:$BG,'1.2 HR-Data luong'!AA$5,0) -> 12 | W13: =VLOOKUP($C13,'1.2 HR-Data luong'!$B:$BG,'1.2 HR-Data luong'!AB$5,0) -> 10.5 | X13: =VLOOKUP($C13,'1.2 HR-Data luong'!$B:$BG,'1.2 HR-Data luong'!AC$5,0) -> 22.5 | Y13: =K13 -> 8000000 | Z13: =R13 -> 0.08 | AA13: =MIN(O13,V13) -> 10 | AB13: =Y13 -> 8000000 | AC13: =IF(T13>0,S13,R13) -> 0.09 | AD13: =MAX(0,O13-AA13) -> 0 | AE13: =L13 -> 10000000 | AF13: =R13 -> 0.08 | AG13: =MAX(0,V13-AA13) -> 2 | AH13: =L13 -> 10000000 | AI13: =IF(T13>0,S13,R13) -> 0.09 | AJ13: =MAX(0,W13-AD13) -> 10.5 | AK13: =(Y13*Z13*AA13+AB13*AC13*AD13+AE13*AF13*AG13+AH13*AI13*AJ13)/(AA13+AD13+AG13+AJ13) -> 775555.56 | AL13: =SUM(AA13,AD13)-O13 -> 0 | AM13: =SUM(AG13,AJ13)-P13 -> 0 | AN13: =SUM(AA13,AG13)-V13 -> 0 | AO13: =SUM(AD13,AJ13)-W13 -> 0
A14: ADS | B14: 9 | C14: =VLOOKUP(B14,'1.2 HR-Data luong'!A:B,2,0) -> ADS09 | D14: =VLOOKUP($C14,'1.2 HR-Data luong'!$B:$BG,D$5,0) -> HR HN | E14: =VLOOKUP($C14,'1.2 HR-Data luong'!$B:$BG,E$5,0) -> NguyenVanI | F14: =VLOOKUP($C14,'1.2 HR-Data luong'!$B:$BG,F$5,0) -> Nguyễn Văn I | G14: =VLOOKUP($C14,'1.2 HR-Data luong'!$B:$BG,G$5,0) -> HN | H14: =VLOOKUP($C14,'1.2 HR-Data luong'!$B:$BG,H$5,0) -> Trưởng phòng | I14: =VLOOKUP($C14,'1.2 HR-Data luong'!$B:$BG,I$5,0) -> TP KPC | J14: =VLOOKUP($C14,'1.2 HR-Data luong'!$B:$BG,J$5,0) -> CT | K14: =VLOOKUP($C14,'1.2 HR-Data luong'!$B:$BG,'1.2 HR-Data luong'!L$5,0) -> 9000000 | L14: =VLOOKUP($C14,'1.2 HR-Data luong'!$B:$BG,'1.2 HR-Data luong'!M$5,0) -> 0 | M14: =VLOOKUP($C14,'1.2 HR-Data luong'!$B:$BG,'1.2 HR-Data luong'!N$5,0) -> 0 | N14: =VLOOKUP($C14,'1.2 HR-Data luong'!$B:$BG,'1.2 HR-Data luong'!O$5,0) -> 0 | O14: =VLOOKUP($C14,'1.2 HR-Data luong'!$B:$BG,'1.2 HR-Data luong'!P$5,0) -> 22.5 | P14: =VLOOKUP($C14,'1.2 HR-Data luong'!$B:$BG,'1.2 HR-Data luong'!Q$5,0) -> 0 | Q14: =VLOOKUP($C14,'1.2 HR-Data luong'!$B:$BG,'1.2 HR-Data luong'!R$5,0) -> 22.5 | R14: =VLOOKUP($C14,'1.2 HR-Data luong'!$B:$BG,'1.2 HR-Data luong'!W$5,0) -> 0.09 | S14: =VLOOKUP($C14,'1.2 HR-Data luong'!$B:$BG,'1.2 HR-Data luong'!X$5,0) -> 0 | T14: =VLOOKUP($C14,'1.2 HR-Data luong'!$B:$BG,'1.2 HR-Data luong'!Y$5,0) -> 0 | U14: =VLOOKUP($C14,'1.2 HR-Data luong'!$B:$BG,'1.2 HR-Data luong'!Z$5,0) -> 0 | V14: =VLOOKUP($C14,'1.2 HR-Data luong'!$B:$BG,'1.2 HR-Data luong'!AA$5,0) -> 22.5 | W14: =VLOOKUP($C14,'1.2 HR-Data luong'!$B:$BG,'1.2 HR-Data luong'!AB$5,0) -> 0 | X14: =VLOOKUP($C14,'1.2 HR-Data luong'!$B:$BG,'1.2 HR-Data luong'!AC$5,0) -> 22.5 | Y14: =K14 -> 9000000 | Z14: =R14 -> 0.09 | AA14: =MIN(O14,V14) -> 22.5 | AB14: =Y14 -> 9000000 | AC14: =IF(T14>0,S14,R14) -> 0.09 | AD14: =MAX(0,O14-AA14) -> 0 | AE14: =L14 -> 0 | AF14: =R14 -> 0.09 | AG14: =MAX(0,V14-AA14) -> 0 | AH14: =L14 -> 0 | AI14: =IF(T14>0,S14,R14) -> 0.09 | AJ14: =MAX(0,W14-AD14) -> 0 | AK14: =(Y14*Z14*AA14+AB14*AC14*AD14+AE14*AF14*AG14+AH14*AI14*AJ14)/(AA14+AD14+AG14+AJ14) -> 810000 | AL14: =SUM(AA14,AD14)-O14 -> 0 | AM14: =SUM(AG14,AJ14)-P14 -> 0 | AN14: =SUM(AA14,AG14)-V14 -> 0 | AO14: =SUM(AD14,AJ14)-W14 -> 0
A15: ADS | B15: 10 | C15: =VLOOKUP(B15,'1.2 HR-Data luong'!A:B,2,0) -> ADS10 | D15: =VLOOKUP($C15,'1.2 HR-Data luong'!$B:$BG,D$5,0) -> HR HN | E15: =VLOOKUP($C15,'1.2 HR-Data luong'!$B:$BG,E$5,0) -> NguyenVanK | F15: =VLOOKUP($C15,'1.2 HR-Data luong'!$B:$BG,F$5,0) -> Nguyễn Văn K | G15: =VLOOKUP($C15,'1.2 HR-Data luong'!$B:$BG,G$5,0) -> HN | H15: =VLOOKUP($C15,'1.2 HR-Data luong'!$B:$BG,H$5,0) -> Nhân viên | I15: =VLOOKUP($C15,'1.2 HR-Data luong'!$B:$BG,I$5,0) -> C1 | J15: =VLOOKUP($C15,'1.2 HR-Data luong'!$B:$BG,J$5,0) -> CT | K15: =VLOOKUP($C15,'1.2 HR-Data luong'!$B:$BG,'1.2 HR-Data luong'!L$5,0) -> 10000000 | L15: =VLOOKUP($C15,'1.2 HR-Data luong'!$B:$BG,'1.2 HR-Data luong'!M$5,0) -> 0 | M15: =VLOOKUP($C15,'1.2 HR-Data luong'!$B:$BG,'1.2 HR-Data luong'!N$5,0) -> 0 | N15: =VLOOKUP($C15,'1.2 HR-Data luong'!$B:$BG,'1.2 HR-Data luong'!O$5,0) -> 0 | O15: =VLOOKUP($C15,'1.2 HR-Data luong'!$B:$BG,'1.2 HR-Data luong'!P$5,0) -> 22.5 | P15: =VLOOKUP($C15,'1.2 HR-Data luong'!$B:$BG,'1.2 HR-Data luong'!Q$5,0) -> 0 | Q15: =VLOOKUP($C15,'1.2 HR-Data luong'!$B:$BG,'1.2 HR-Data luong'!R$5,0) -> 22.5 | R15: =VLOOKUP($C15,'1.2 HR-Data luong'!$B:$BG,'1.2 HR-Data luong'!W$5,0) -> 0.1 | S15: =VLOOKUP($C15,'1.2 HR-Data luong'!$B:$BG,'1.2 HR-Data luong'!X$5,0) -> 0 | T15: =VLOOKUP($C15,'1.2 HR-Data luong'!$B:$BG,'1.2 HR-Data luong'!Y$5,0) -> 0 | U15: =VLOOKUP($C15,'1.2 HR-Data luong'!$B:$BG,'1.2 HR-Data luong'!Z$5,0) -> 0 | V15: =VLOOKUP($C15,'1.2 HR-Data luong'!$B:$BG,'1.2 HR-Data luong'!AA$5,0) -> 22.5 | W15: =VLOOKUP($C15,'1.2 HR-Data luong'!$B:$BG,'1.2 HR-Data luong'!AB$5,0) -> 0 | X15: =VLOOKUP($C15,'1.2 HR-Data luong'!$B:$BG,'1.2 HR-Data luong'!AC$5,0) -> 22.5 | Y15: =K15 -> 10000000 | Z15: =R15 -> 0.1 | AA15: =MIN(O15,V15) -> 22.5 | AB15: =Y15 -> 10000000 | AC15: =IF(T15>0,S15,R15) -> 0.1 | AD15: =MAX(0,O15-AA15) -> 0 | AE15: =L15 -> 0 | AF15: =R15 -> 0.1 | AG15: =MAX(0,V15-AA15) -> 0 | AH15: =L15 -> 0 | AI15: =IF(T15>0,S15,R15) -> 0.1 | AJ15: =MAX(0,W15-AD15) -> 0 | AK15: =(Y15*Z15*AA15+AB15*AC15*AD15+AE15*AF15*AG15+AH15*AI15*AJ15)/(AA15+AD15+AG15+AJ15) -> 1000000 | AL15: =SUM(AA15,AD15)-O15 -> 0 | AM15: =SUM(AG15,AJ15)-P15 -> 0 | AN15: =SUM(AA15,AG15)-V15 -> 0 | AO15: =SUM(AD15,AJ15)-W15 -> 0

Sheet 3.3 ERP-PC LAPTOP va PC BD
A1: Bảng tính mức phụ cấp laptop, phụ cấp BD thử việc và các loại phụ cấp theo ngày được hưởng thực tế khác với ngày công thực tế
A3: Mã cty | B3: TT | C3: Mã NV | D3: Phòng | E3: HO TEN | F3: Họ tên | G3: VP | H3: Chức vụ | I3: Cấp bậc | J3: Loai HDLD | K3: Hỗ trợ laptop | M3: Công chuẩn | N3: Công thực tế | O3: Mức hỗ trợ laptop lên bảng lương | P3: PC BD | R3: Công chuẩn | S3: Công thực tế | T3: Mức PC BD lên bảng lương
K4: Mức hỗ trợ | L4: Số ngày hỗ trợ | P4: Mức hỗ trợ | Q4: Số ngày hỗ trợ
C5: 1 | D5: 2 | E5: 3 | F5: 4 | G5: 5 | H5: 6 | I5: 7 | J5: 8 | K5: 9 | L5: 10 | M5: 11 | N5: 12 | O5: 13 | P5: 14 | Q5: 15 | R5: 16 | S5: 17 | T5: 18
A6: ADS | B6: 1 | C6: =VLOOKUP(B6,'1.2 HR-Data luong'!A:B,2,0) -> ADS01 | D6: =VLOOKUP($C6,'1.2 HR-Data luong'!$B:$BG,D$5,0) -> BD01 HN | E6: =VLOOKUP($C6,'1.2 HR-Data luong'!$B:$BG,E$5,0) -> NguyenVanA | F6: =VLOOKUP($C6,'1.2 HR-Data luong'!$B:$BG,F$5,0) -> Nguyễn Văn A | G6: =VLOOKUP($C6,'1.2 HR-Data luong'!$B:$BG,G$5,0) -> HN | H6: =VLOOKUP($C6,'1.2 HR-Data luong'!$B:$BG,H$5,0) -> Trưởng phòng | I6: =VLOOKUP($C6,'1.2 HR-Data luong'!$B:$BG,I$5,0) -> TP C1 | J6: =VLOOKUP($C6,'1.2 HR-Data luong'!$B:$BG,J$5,0) -> CT | K6: =VLOOKUP($C6,'1.2 HR-Data luong'!$B:$BG,'1.2 HR-Data luong'!AD$5,0) -> 200000 | L6: =VLOOKUP($C6,'1.2 HR-Data luong'!$B:$BG,'1.2 HR-Data luong'!AE$5,0) -> 15 | M6: 22.5 | N6: =VLOOKUP(C6,'1.2 HR-Data luong'!B:R,'1.2 HR-Data luong'!R$5,0) -> 20.5 | O6: =K6*L6/N6 -> 146341.46 | P6: =VLOOKUP($C6,'1.2 HR-Data luong'!$B:$BG,'1.2 HR-Data luong'!AF$5,0) -> 200000 | Q6: =VLOOKUP($C6,'1.2 HR-Data luong'!$B:$BG,'1.2 HR-Data luong'!AG$5,0) -> 15 | R6: =M6 -> 22.5 | S6: =N6 -> 20.5 | T6: =P6*Q6/S6 -> 146341.46
A7: ADS | B7: 2 | C7: =VLOOKUP(B7,'1.2 HR-Data luong'!A:B,2,0) -> ADS02 | D7: =VLOOKUP($C7,'1.2 HR-Data luong'!$B:$BG,D$5,0) -> BD01 HN | E7: =VLOOKUP($C7,'1.2 HR-Data luong'!$B:$BG,E$5,0) -> NguyenVanB | F7: =VLOOKUP($C7,'1.2 HR-Data luong'!$B:$BG,F$5,0) -> Nguyễn Văn B | G7: =VLOOKUP($C7,'1.2 HR-Data luong'!$B:$BG,G$5,0) -> HN | H7: =VLOOKUP($C7,'1.2 HR-Data luong'!$B:$BG,H$5,0) -> Nhân viên | I7: =VLOOKUP($C7,'1.2 HR-Data luong'!$B:$BG,I$5,0) -> C1 | J7: =VLOOKUP($C7,'1.2 HR-Data luong'!$B:$BG,J$5,0) -> CT | K7: =VLOOKUP($C7,'1.2 HR-Data luong'!$B:$BG,'1.2 HR-Data luong'!AD$5,0) -> 200000 | L7: =VLOOKUP($C7,'1.2 HR-Data luong'!$B:$BG,'1.2 HR-Data luong'!AE$5,0) -> 15 | M7: 22.5 | N7: =VLOOKUP(C7,'1.2 HR-Data luong'!B:R,'1.2 HR-Data luong'!R$5,0) -> 20.5 | O7: =K7*L7/N7 -> 146341.46 | P7: =VLOOKUP($C7,'1.2 HR-Data luong'!$B:$BG,'1.2 HR-Data luong'!AF$5,0) -> 200000 | Q7: =VLOOKUP($C7,'1.2 HR-Data luong'!$B:$BG,'1.2 HR-Data luong'!AG$5,0) -> 15 | R7: =M7 -> 22.5 | S7: =N7 -> 20.5 | T7: =P7*Q7/S7 -> 146341.46
A8: ADS | B8: 3 | C8: =VLOOKUP(B8,'1.2 HR-Data luong'!A:B,2,0) -> ADS03 | D8: =VLOOKUP($C8,'1.2 HR-Data luong'!$B:$BG,D$5,0) -> BD02 HN | E8: =VLOOKUP($C8,'1.2 HR-Data luong'!$B:$BG,E$5,0) -> NguyenVanC | F8: =VLOOKUP($C8,'1.2 HR-Data luong'!$B:$BG,F$5,0) -> Nguyễn Văn C | G8: =VLOOKUP($C8,'1.2 HR-Data luong'!$B:$BG,G$5,0) -> HN | H8: =VLOOKUP($C8,'1.2 HR-Data luong'!$B:$BG,H$5,0) -> Trưởng phòng | I8: =VLOOKUP($C8,'1.2 HR-Data luong'!$B:$BG,I$5,0) -> TP C2 | J8: =VLOOKUP($C8,'1.2 HR-Data luong'!$B:$BG,J$5,0) -> CT | K8: =VLOOKUP($C8,'1.2 HR-Data luong'!$B:$BG,'1.2 HR-Data luong'!AD$5,0) -> 200000 | L8: =VLOOKUP($C8,'1.2 HR-Data luong'!$B:$BG,'1.2 HR-Data luong'!AE$5,0) -> 15 | M8: 22.5 | N8: =VLOOKUP(C8,'1.2 HR-Data luong'!B:R,'1.2 HR-Data luong'!R$5,0) -> 20.5 | O8: =K8*L8/N8 -> 146341.46 | P8: =VLOOKUP($C8,'1.2 HR-Data luong'!$B:$BG,'1.2 HR-Data luong'!AF$5,0) -> 200000 | Q8: =VLOOKUP($C8,'1.2 HR-Data luong'!$B:$BG,'1.2 HR-Data luong'!AG$5,0) -> 15 | R8: =M8 -> 22.5 | S8: =N8 -> 20.5 | T8: =P8*Q8/S8 -> 146341.46
A9: ADS | B9: 4 | C9: =VLOOKUP(B9,'1.2 HR-Data luong'!A:B,2,0) -> ADS04 | D9: =VLOOKUP($C9,'1.2 HR-Data luong'!$B:$BG,D$5,0) -> BD02 HN | E9: =VLOOKUP($C9,'1.2 HR-Data luong'!$B:$BG,E$5,0) -> NguyenVanD | F9: =VLOOKUP($C9,'1.2 HR-Data luong'!$B:$BG,F$5,0) -> Nguyễn Văn D | G9: =VLOOKUP($C9,'1.2 HR-Data luong'!$B:$BG,G$5,0) -> HN | H9: =VLOOKUP($C9,'1.2 HR-Data luong'!$B:$BG,H$5,0) -> Nhân viên | I9: =VLOOKUP($C9,'1.2 HR-Data luong'!$B:$BG,I$5,0) -> C2 | J9: =VLOOKUP($C9,'1.2 HR-Data luong'!$B:$BG,J$5,0) -> CT | K9: =VLOOKUP($C9,'1.2 HR-Data luong'!$B:$BG,'1.2 HR-Data luong'!AD$5,0) -> 200000 | L9: =VLOOKUP($C9,'1.2 HR-Data luong'!$B:$BG,'1.2 HR-Data luong'!AE$5,0) -> 15 | M9: 22.5 | N9: =VLOOKUP(C9,'1.2 HR-Data luong'!B:R,'1.2 HR-Data luong'!R$5,0) -> 20.5 | O9: =K9*L9/N9 -> 146341.46 | P9: =VLOOKUP($C9,'1.2 HR-Data luong'!$B:$BG,'1.2 HR-Data luong'!AF$5,0) -> 200000 | Q9: =VLOOKUP($C9,'1.2 HR-Data luong'!$B:$BG,'1.2 HR-Data luong'!AG$5,0) -> 15 | R9: =M9 -> 22.5 | S9: =N9 -> 20.5 | T9: =P9*Q9/S9 -> 146341.46
A10: ADS | B10: 5 | C10: =VLOOKUP(B10,'1.2 HR-Data luong'!A:B,2,0) -> ADS05 | D10: =VLOOKUP($C10,'1.2 HR-Data luong'!$B:$BG,D$5,0) -> BD02 HN | E10: =VLOOKUP($C10,'1.2 HR-Data luong'!$B:$BG,E$5,0) -> NguyenVanE | F10: =VLOOKUP($C10,'1.2 HR-Data luong'!$B:$BG,F$5,0) -> Nguyễn Văn E | G10: =VLOOKUP($C10,'1.2 HR-Data luong'!$B:$BG,G$5,0) -> HN | H10: =VLOOKUP($C10,'1.2 HR-Data luong'!$B:$BG,H$5,0) -> Nhân viên | I10: =VLOOKUP($C10,'1.2 HR-Data luong'!$B:$BG,I$5,0) -> C3 | J10: =VLOOKUP($C10,'1.2 HR-Data luong'!$B:$BG,J$5,0) -> CT | K10: =VLOOKUP($C10,'1.2 HR-Data luong'!$B:$BG,'1.2 HR-Data luong'!AD$5,0) -> 200000 | L10: =VLOOKUP($C10,'1.2 HR-Data luong'!$B:$BG,'1.2 HR-Data luong'!AE$5,0) -> 22.5 | M10: 22.5 | N10: =VLOOKUP(C10,'1.2 HR-Data luong'!B:R,'1.2 HR-Data luong'!R$5,0) -> 20.5 | O10: =K10*L10/N10 -> 219512.2 | P10: =VLOOKUP($C10,'1.2 HR-Data luong'!$B:$BG,'1.2 HR-Data luong'!AF$5,0) -> 200000 | Q10: =VLOOKUP($C10,'1.2 HR-Data luong'!$B:$BG,'1.2 HR-Data luong'!AG$5,0) -> 22.5 | R10: =M10 -> 22.5 | S10: =N10 -> 20.5 | T10: =P10*Q10/S10 -> 219512.2
A11: ADS | B11: 6 | C11: =VLOOKUP(B11,'1.2 HR-Data luong'!A:B,2,0) -> ADS06 | D11: =VLOOKUP($C11,'1.2 HR-Data luong'!$B:$BG,D$5,0) -> BD03 SG | E11: =VLOOKUP($C11,'1.2 HR-Data luong'!$B:$BG,E$5,0) -> NguyenVanF | F11: =VLOOKUP($C11,'1.2 HR-Data luong'!$B:$BG,F$5,0) -> Nguyễn Văn F | G11: =VLOOKUP($C11,'1.2 HR-Data luong'!$B:$BG,G$5,0) -> HCM | H11: =VLOOKUP($C11,'1.2 HR-Data luong'!$B:$BG,H$5,0) -> Trưởng phòng | I11: =VLOOKUP($C11,'1.2 HR-Data luong'!$B:$BG,I$5,0) -> TP C3 | J11: =VLOOKUP($C11,'1.2 HR-Data luong'!$B:$BG,J$5,0) -> CT | K11: =VLOOKUP($C11,'1.2 HR-Data luong'!$B:$BG,'1.2 HR-Data luong'!AD$5,0) -> 200000 | L11: =VLOOKUP($C11,'1.2 HR-Data luong'!$B:$BG,'1.2 HR-Data luong'!AE$5,0) -> 22.5 | M11: 22.5 | N11: =VLOOKUP(C11,'1.2 HR-Data luong'!B:R,'1.2 HR-Data luong'!R$5,0) -> 22.5 | O11: =K11*L11/N11 -> 200000 | P11: =VLOOKUP($C11,'1.2 HR-Data luong'!$B:$BG,'1.2 HR-Data luong'!AF$5,0) -> 200000 | Q11: =VLOOKUP($C11,'1.2 HR-Data luong'!$B:$BG,'1.2 HR-Data luong'!AG$5,0) -> 22.5 | R11: =M11 -> 22.5 | S11: =N11 -> 22.5 | T11: =P11*Q11/S11 -> 200000
A12: ADS | B12: 7 | C12: =VLOOKUP(B12,'1.2 HR-Data luong'!A:B,2,0) -> ADS07 | D12: =VLOOKUP($C12,'1.2 HR-Data luong'!$B:$BG,D$5,0) -> BD03 SG | E12: =VLOOKUP($C12,'1.2 HR-Data luong'!$B:$BG,E$5,0) -> NguyenVanG | F12: =VLOOKUP($C12,'1.2 HR-Data luong'!$B:$BG,F$5,0) -> Nguyễn Văn G | G12: =VLOOKUP($C12,'1.2 HR-Data luong'!$B:$BG,G$5,0) -> HCM | H12: =VLOOKUP($C12,'1.2 HR-Data luong'!$B:$BG,H$5,0) -> Nhân viên | I12: =VLOOKUP($C12,'1.2 HR-Data luong'!$B:$BG,I$5,0) -> C4 | J12: =VLOOKUP($C12,'1.2 HR-Data luong'!$B:$BG,J$5,0) -> CT | K12: =VLOOKUP($C12,'1.2 HR-Data luong'!$B:$BG,'1.2 HR-Data luong'!AD$5,0) -> 200000 | L12: =VLOOKUP($C12,'1.2 HR-Data luong'!$B:$BG,'1.2 HR-Data luong'!AE$5,0) -> 22.5 | M12: 22.5 | N12: =VLOOKUP(C12,'1.2 HR-Data luong'!B:R,'1.2 HR-Data luong'!R$5,0) -> 22.5 | O12: =K12*L12/N12 -> 200000 | P12: =VLOOKUP($C12,'1.2 HR-Data luong'!$B:$BG,'1.2 HR-Data luong'!AF$5,0) -> 200000 | Q12: =VLOOKUP($C12,'1.2 HR-Data luong'!$B:$BG,'1.2 HR-Data luong'!AG$5,0) -> 22.5 | R12: =M12 -> 22.5 | S12: =N12 -> 22.5 | T12: =P12*Q12/S12 -> 200000
A13: ADS | B13: 8 | C13: =VLOOKUP(B13,'1.2 HR-Data luong'!A:B,2,0) -> ADS08 | D13: =VLOOKUP($C13,'1.2 HR-Data luong'!$B:$BG,D$5,0) -> BD03 SG | E13: =VLOOKUP($C13,'1.2 HR-Data luong'!$B:$BG,E$5,0) -> NguyenVanH | F13: =VLOOKUP($C13,'1.2 HR-Data luong'!$B:$BG,F$5,0) -> Nguyễn Văn H | G13: =VLOOKUP($C13,'1.2 HR-Data luong'!$B:$BG,G$5,0) -> HCM | H13: =VLOOKUP($C13,'1.2 HR-Data luong'!$B:$BG,H$5,0) -> Nhân viên | I13: =VLOOKUP($C13,'1.2 HR-Data luong'!$B:$BG,I$5,0) -> S1 | J13: =VLOOKUP($C13,'1.2 HR-Data luong'!$B:$BG,J$5,0) -> CT | K13: =VLOOKUP($C13,'1.2 HR-Data luong'!$B:$BG,'1.2 HR-Data luong'!AD$5,0) -> 200000 | L13: =VLOOKUP($C13,'1.2 HR-Data luong'!$B:$BG,'1.2 HR-Data luong'!AE$5,0) -> 22.5 | M13: 22.5 | N13: =VLOOKUP(C13,'1.2 HR-Data luong'!B:R,'1.2 HR-Data luong'!R$5,0) -> 22.5 | O13: =K13*L13/N13 -> 200000 | P13: =VLOOKUP($C13,'1.2 HR-Data luong'!$B:$BG,'1.2 HR-Data luong'!AF$5,0) -> 200000 | Q13: =VLOOKUP($C13,'1.2 HR-Data luong'!$B:$BG,'1.2 HR-Data luong'!AG$5,0) -> 22.5 | R13: =M13 -> 22.5 | S13: =N13 -> 22.5 | T13: =P13*Q13/S13 -> 200000
A14: ADS | B14: 9 | C14: =VLOOKUP(B14,'1.2 HR-Data luong'!A:B,2,0) -> ADS09 | D14: =VLOOKUP($C14,'1.2 HR-Data luong'!$B:$BG,D$5,0) -> HR HN | E14: =VLOOKUP($C14,'1.2 HR-Data luong'!$B:$BG,E$5,0) -> NguyenVanI | F14: =VLOOKUP($C14,'1.2 HR-Data luong'!$B:$BG,F$5,0) -> Nguyễn Văn I | G14: =VLOOKUP($C14,'1.2 HR-Data luong'!$B:$BG,G$5,0) -> HN | H14: =VLOOKUP($C14,'1.2 HR-Data luong'!$B:$BG,H$5,0) -> Trưởng phòng | I14: =VLOOKUP($C14,'1.2 HR-Data luong'!$B:$BG,I$5,0) -> TP KPC | J14: =VLOOKUP($C14,'1.2 HR-Data luong'!$B:$BG,J$5,0) -> CT | K14: =VLOOKUP($C14,'1.2 HR-Data luong'!$B:$BG,'1.2 HR-Data luong'!AD$5,0) -> 200000 | L14: =VLOOKUP($C14,'1.2 HR-Data luong'!$B:$BG,'1.2 HR-Data luong'!AE$5,0) -> 22.5 | M14: 22.5 | N14: =VLOOKUP(C14,'1.2 HR-Data luong'!B:R,'1.2 HR-Data luong'!R$5,0) -> 22.5 | O14: =K14*L14/N14 -> 200000 | P14: =VLOOKUP($C14,'1.2 HR-Data luong'!$B:$BG,'1.2 HR-Data luong'!AF$5,0) -> 200000 | Q14: =VLOOKUP($C14,'1.2 HR-Data luong'!$B:$BG,'1.2 HR-Data luong'!AG$5,0) -> 22.5 | R14: =M14 -> 22.5 | S14: =N14 -> 22.5 | T14: =P14*Q14/S14 -> 200000
A15: ADS | B15: 10 | C15: =VLOOKUP(B15,'1.2 HR-Data luong'!A:B,2,0) -> ADS10 | D15: =VLOOKUP($C15,'1.2 HR-Data luong'!$B:$BG,D$5,0) -> HR HN | E15: =VLOOKUP($C15,'1.2 HR-Data luong'!$B:$BG,E$5,0) -> NguyenVanK | F15: =VLOOKUP($C15,'1.2 HR-Data luong'!$B:$BG,F$5,0) -> Nguyễn Văn K | G15: =VLOOKUP($C15,'1.2 HR-Data luong'!$B:$BG,G$5,0) -> HN | H15: =VLOOKUP($C15,'1.2 HR-Data luong'!$B:$BG,H$5,0) -> Nhân viên | I15: =VLOOKUP($C15,'1.2 HR-Data luong'!$B:$BG,I$5,0) -> C1 | J15: =VLOOKUP($C15,'1.2 HR-Data luong'!$B:$BG,J$5,0) -> CT | K15: =VLOOKUP($C15,'1.2 HR-Data luong'!$B:$BG,'1.2 HR-Data luong'!AD$5,0) -> 200000 | L15: =VLOOKUP($C15,'1.2 HR-Data luong'!$B:$BG,'1.2 HR-Data luong'!AE$5,0) -> 22.5 | M15: 22.5 | N15: =VLOOKUP(C15,'1.2 HR-Data luong'!B:R,'1.2 HR-Data luong'!R$5,0) -> 22.5 | O15: =K15*L15/N15 -> 200000 | P15: =VLOOKUP($C15,'1.2 HR-Data luong'!$B:$BG,'1.2 HR-Data luong'!AF$5,0) -> 200000 | Q15: =VLOOKUP($C15,'1.2 HR-Data luong'!$B:$BG,'1.2 HR-Data luong'!AG$5,0) -> 22.5 | R15: =M15 -> 22.5 | S15: =N15 -> 22.5 | T15: =P15*Q15/S15 -> 200000

Sheet 3.4 ERP-BHXH
A1: Bảng tính BHXH
A3: Mã cty | B3: TT | C3: Mã NV | D3: Phòng | E3: HO TEN | F3: Họ tên | G3: VP | H3: Chức vụ | I3: Cấp bậc | J3: Loai HDLD | K3: MUC DONG BHXH | O3: Mức lương đóng BH | P3: Công ty đóng | T3: Nhân viên đóng | Y3: TỔNG
K4: LUONG THANG TRUOC | L4: LUONG DIEU CHINH | M4: NGAY DIEU CHINH | N4: NOI DUNG DIEU CHINH | P4: BHXH | Q4: BHYT | R4: BHTN | S4: KPCD | T4: BHXH | U4: BHYT | V4: BHTN | W4: Tổng bảo hiểm trừ lương NV | X4: KPCD | Y4: BHXH | Z4: BHYT | AA4: BHTN | AB4: KPCD
P5: ='2.1 KT-Update ty le'!B3 -> 0.175 | Q5: ='2.1 KT-Update ty le'!B4 -> 0.03 | R5: ='2.1 KT-Update ty le'!B5 -> 0.01 | S5: ='2.1 KT-Update ty le'!B6 -> 0.02 | T5: ='2.1 KT-Update ty le'!C3 -> 0.08 | U5: ='2.1 KT-Update ty le'!C4 -> 0.015 | V5: ='2.1 KT-Update ty le'!C5 -> 0.01 | W5: =SUM(T5:V5) -> 0.105 | X5: ='2.1 KT-Update ty le'!C6 -> 0.01 | Y5: =P5+T5 -> 0.255 | Z5: =Q5+U5 -> 0.045 | AA5: =R5+V5 -> 0.02 | AB5: =S5+X5 -> 0.03
C6: 1 | D6: 2 | E6: 3 | F6: 4 | G6: 5 | H6: 6 | I6: 7 | J6: 8 | K6: 9 | L6: 10 | M6: 11 | N6: 12 | O6: 13 | P6: 14 | Q6: 15 | R6: 16 | S6: 17 | T6: 18 | U6: 19 | V6: 20 | W6: 21 | X6: 22 | Y6: 23 | Z6: 24 | AA6: 25 | AB6: 26
A7: ADS | B7: 1 | C7: =VLOOKUP(B7,'1.2 HR-Data luong'!A:B,2,0) -> ADS01 | D7: =VLOOKUP($C7,'1.2 HR-Data luong'!$B:$BG,D$6,0) -> BD01 HN | E7: =VLOOKUP($C7,'1.2 HR-Data luong'!$B:$BG,E$6,0) -> NguyenVanA | F7: =VLOOKUP($C7,'1.2 HR-Data luong'!$B:$BG,F$6,0) -> Nguyễn Văn A | G7: =VLOOKUP($C7,'1.2 HR-Data luong'!$B:$BG,G$6,0) -> HN | H7: =VLOOKUP($C7,'1.2 HR-Data luong'!$B:$BG,H$6,0) -> Trưởng phòng | I7: =VLOOKUP($C7,'1.2 HR-Data luong'!$B:$BG,I$6,0) -> TP C1 | J7: =VLOOKUP($C7,'1.2 HR-Data luong'!$B:$BG,J$6,0) -> CT | K7: =VLOOKUP($C7,'1.2 HR-Data luong'!$B:$V,'1.2 HR-Data luong'!S$5,0) -> 1000000 | L7: =VLOOKUP($C7,'1.2 HR-Data luong'!$B:$V,'1.2 HR-Data luong'!T$5,0) -> 0 | M7: =VLOOKUP($C7,'1.2 HR-Data luong'!$B:$V,'1.2 HR-Data luong'!U$5,0) -> 0 | N7: =VLOOKUP($C7,'1.2 HR-Data luong'!$B:$V,'1.2 HR-Data luong'!V$5,0) -> 0 | O7: =IF(M7>0,L7,K7) -> 1000000 | P7: =$O7*P$5 -> 175000 | Q7: =$O7*Q$5 -> 30000 | R7: =$O7*R$5 -> 10000 | S7: =$O7*S$5 -> 20000 | T7: =$O7*T$5 -> 80000 | U7: =$O7*U$5 -> 15000 | V7: =$O7*V$5 -> 10000 | W7: =$O7*W$5 -> 105000 | ... AB7: =$O7*AB$5 -> 30000
A8: ADS | B8: 2 | C8: =VLOOKUP(B8,'1.2 HR-Data luong'!A:B,2,0) -> ADS02 | D8: =VLOOKUP($C8,'1.2 HR-Data luong'!$B:$BG,D$6,0) -> BD01 HN | E8: =VLOOKUP($C8,'1.2 HR-Data luong'!$B:$BG,E$6,0) -> NguyenVanB | F8: =VLOOKUP($C8,'1.2 HR-Data luong'!$B:$BG,F$6,0) -> Nguyễn Văn B | G8: =VLOOKUP($C8,'1.2 HR-Data luong'!$B:$BG,G$6,0) -> HN | H8: =VLOOKUP($C8,'1.2 HR-Data luong'!$B:$BG,H$6,0) -> Nhân viên | I8: =VLOOKUP($C8,'1.2 HR-Data luong'!$B:$BG,I$6,0) -> C1 | J8: =VLOOKUP($C8,'1.2 HR-Data luong'!$B:$BG,J$6,0) -> CT | K8: =VLOOKUP($C8,'1.2 HR-Data luong'!$B:$V,'1.2 HR-Data luong'!S$5,0) -> 2000000 | L8: =VLOOKUP($C8,'1.2 HR-Data luong'!$B:$V,'1.2 HR-Data luong'!T$5,0) -> 0 | M8: =VLOOKUP($C8,'1.2 HR-Data luong'!$B:$V,'1.2 HR-Data luong'!U$5,0) -> 0 | N8: =VLOOKUP($C8,'1.2 HR-Data luong'!$B:$V,'1.2 HR-Data luong'!V$5,0) -> 0 | O8: =IF(M8>0,L8,K8) -> 2000000 | P8: =$O8*P$5 -> 350000 | Q8: =$O8*Q$5 -> 60000 | R8: =$O8*R$5 -> 20000 | S8: =$O8*S$5 -> 40000 | T8: =$O8*T$5 -> 160000 | U8: =$O8*U$5 -> 30000 | V8: =$O8*V$5 -> 20000 | W8: =$O8*W$5 -> 210000 | ... AB8: =$O8*AB$5 -> 60000
A9: ADS | B9: 3 | C9: =VLOOKUP(B9,'1.2 HR-Data luong'!A:B,2,0) -> ADS03 | D9: =VLOOKUP($C9,'1.2 HR-Data luong'!$B:$BG,D$6,0) -> BD02 HN | E9: =VLOOKUP($C9,'1.2 HR-Data luong'!$B:$BG,E$6,0) -> NguyenVanC | F9: =VLOOKUP($C9,'1.2 HR-Data luong'!$B:$BG,F$6,0) -> Nguyễn Văn C | G9: =VLOOKUP($C9,'1.2 HR-Data luong'!$B:$BG,G$6,0) -> HN | H9: =VLOOKUP($C9,'1.2 HR-Data luong'!$B:$BG,H$6,0) -> Trưởng phòng | I9: =VLOOKUP($C9,'1.2 HR-Data luong'!$B:$BG,I$6,0) -> TP C2 | J9: =VLOOKUP($C9,'1.2 HR-Data luong'!$B:$BG,J$6,0) -> CT | K9: =VLOOKUP($C9,'1.2 HR-Data luong'!$B:$V,'1.2 HR-Data luong'!S$5,0) -> 3000000 | L9: =VLOOKUP($C9,'1.2 HR-Data luong'!$B:$V,'1.2 HR-Data luong'!T$5,0) -> 0 | M9: =VLOOKUP($C9,'1.2 HR-Data luong'!$B:$V,'1.2 HR-Data luong'!U$5,0) -> 0 | N9: =VLOOKUP($C9,'1.2 HR-Data luong'!$B:$V,'1.2 HR-Data luong'!V$5,0) -> 0 | O9: =IF(M9>0,L9,K9) -> 3000000 | P9: =$O9*P$5 -> 525000 | Q9: =$O9*Q$5 -> 90000 | R9: =$O9*R$5 -> 30000 | S9: =$O9*S$5 -> 60000 | T9: =$O9*T$5 -> 240000 | U9: =$O9*U$5 -> 45000 | V9: =$O9*V$5 -> 30000 | W9: =$O9*W$5 -> 315000 | ... AB9: =$O9*AB$5 -> 90000
A10: ADS | B10: 4 | C10: =VLOOKUP(B10,'1.2 HR-Data luong'!A:B,2,0) -> ADS04 | D10: =VLOOKUP($C10,'1.2 HR-Data luong'!$B:$BG,D$6,0) -> BD02 HN | E10: =VLOOKUP($C10,'1.2 HR-Data luong'!$B:$BG,E$6,0) -> NguyenVanD | F10: =VLOOKUP($C10,'1.2 HR-Data luong'!$B:$BG,F$6,0) -> Nguyễn Văn D | G10: =VLOOKUP($C10,'1.2 HR-Data luong'!$B:$BG,G$6,0) -> HN | H10: =VLOOKUP($C10,'1.2 HR-Data luong'!$B:$BG,H$6,0) -> Nhân viên | I10: =VLOOKUP($C10,'1.2 HR-Data luong'!$B:$BG,I$6,0) -> C2 | J10: =VLOOKUP($C10,'1.2 HR-Data luong'!$B:$BG,J$6,0) -> CT | K10: =VLOOKUP($C10,'1.2 HR-Data luong'!$B:$V,'1.2 HR-Data luong'!S$5,0) -> 4000000 | L10: =VLOOKUP($C10,'1.2 HR-Data luong'!$B:$V,'1.2 HR-Data luong'!T$5,0) -> 0 | M10: =VLOOKUP($C10,'1.2 HR-Data luong'!$B:$V,'1.2 HR-Data luong'!U$5,0) -> 0 | N10: =VLOOKUP($C10,'1.2 HR-Data luong'!$B:$V,'1.2 HR-Data luong'!V$5,0) -> 0 | O10: =IF(M10>0,L10,K10) -> 4000000 | P10: =$O10*P$5 -> 700000 | Q10: =$O10*Q$5 -> 120000 | R10: =$O10*R$5 -> 40000 | S10: =$O10*S$5 -> 80000 | T10: =$O10*T$5 -> 320000 | U10: =$O10*U$5 -> 60000 | V10: =$O10*V$5 -> 40000 | W10: =$O10*W$5 -> 420000 | ... AB10: =$O10*AB$5 -> 120000
A11: ADS | B11: 5 | C11: =VLOOKUP(B11,'1.2 HR-Data luong'!A:B,2,0) -> ADS05 | D11: =VLOOKUP($C11,'1.2 HR-Data luong'!$B:$BG,D$6,0) -> BD02 HN | E11: =VLOOKUP($C11,'1.2 HR-Data luong'!$B:$BG,E$6,0) -> NguyenVanE | F11: =VLOOKUP($C11,'1.2 HR-Data luong'!$B:$BG,F$6,0) -> Nguyễn Văn E | G11: =VLOOKUP($C11,'1.2 HR-Data luong'!$B:$BG,G$6,0) -> HN | H11: =VLOOKUP($C11,'1.2 HR-Data luong'!$B:$BG,H$6,0) -> Nhân viên | I11: =VLOOKUP($C11,'1.2 HR-Data luong'!$B:$BG,I$6,0) -> C3 | J11: =VLOOKUP($C11,'1.2 HR-Data luong'!$B:$BG,J$6,0) -> CT | K11: =VLOOKUP($C11,'1.2 HR-Data luong'!$B:$V,'1.2 HR-Data luong'!S$5,0) -> 5000000 | L11: =VLOOKUP($C11,'1.2 HR-Data luong'!$B:$V,'1.2 HR-Data luong'!T$5,0) -> 6000000 | M11: =VLOOKUP($C11,'1.2 HR-Data luong'!$B:$V,'1.2 HR-Data luong'!U$5,0) -> 42917 | N11: =VLOOKUP($C11,'1.2 HR-Data luong'!$B:$V,'1.2 HR-Data luong'!V$5,0) -> Tăng lương do tăng cấp | O11: =IF(M11>0,L11,K11) -> 6000000 | P11: =$O11*P$5 -> 1050000 | Q11: =$O11*Q$5 -> 180000 | R11: =$O11*R$5 -> 60000 | S11: =$O11*S$5 -> 120000 | T11: =$O11*T$5 -> 480000 | U11: =$O11*U$5 -> 90000 | V11: =$O11*V$5 -> 60000 | W11: =$O11*W$5 -> 630000 | ... AB11: =$O11*AB$5 -> 180000
A12: ADS | B12: 6 | C12: =VLOOKUP(B12,'1.2 HR-Data luong'!A:B,2,0) -> ADS06 | D12: =VLOOKUP($C12,'1.2 HR-Data luong'!$B:$BG,D$6,0) -> BD03 SG | E12: =VLOOKUP($C12,'1.2 HR-Data luong'!$B:$BG,E$6,0) -> NguyenVanF | F12: =VLOOKUP($C12,'1.2 HR-Data luong'!$B:$BG,F$6,0) -> Nguyễn Văn F | G12: =VLOOKUP($C12,'1.2 HR-Data luong'!$B:$BG,G$6,0) -> HCM | H12: =VLOOKUP($C12,'1.2 HR-Data luong'!$B:$BG,H$6,0) -> Trưởng phòng | I12: =VLOOKUP($C12,'1.2 HR-Data luong'!$B:$BG,I$6,0) -> TP C3 | J12: =VLOOKUP($C12,'1.2 HR-Data luong'!$B:$BG,J$6,0) -> CT | K12: =VLOOKUP($C12,'1.2 HR-Data luong'!$B:$V,'1.2 HR-Data luong'!S$5,0) -> 6000000 | L12: =VLOOKUP($C12,'1.2 HR-Data luong'!$B:$V,'1.2 HR-Data luong'!T$5,0) -> 0 | M12: =VLOOKUP($C12,'1.2 HR-Data luong'!$B:$V,'1.2 HR-Data luong'!U$5,0) -> 0 | N12: =VLOOKUP($C12,'1.2 HR-Data luong'!$B:$V,'1.2 HR-Data luong'!V$5,0) -> 0 | O12: =IF(M12>0,L12,K12) -> 6000000 | P12: =$O12*P$5 -> 1050000 | Q12: =$O12*Q$5 -> 180000 | R12: =$O12*R$5 -> 60000 | S12: =$O12*S$5 -> 120000 | T12: =$O12*T$5 -> 480000 | U12: =$O12*U$5 -> 90000 | V12: =$O12*V$5 -> 60000 | W12: =$O12*W$5 -> 630000 | ... AB12: =$O12*AB$5 -> 180000
A13: ADS | B13: 7 | C13: =VLOOKUP(B13,'1.2 HR-Data luong'!A:B,2,0) -> ADS07 | D13: =VLOOKUP($C13,'1.2 HR-Data luong'!$B:$BG,D$6,0) -> BD03 SG | E13: =VLOOKUP($C13,'1.2 HR-Data luong'!$B:$BG,E$6,0) -> NguyenVanG | F13: =VLOOKUP($C13,'1.2 HR-Data luong'!$B:$BG,F$6,0) -> Nguyễn Văn G | G13: =VLOOKUP($C13,'1.2 HR-Data luong'!$B:$BG,G$6,0) -> HCM | H13: =VLOOKUP($C13,'1.2 HR-Data luong'!$B:$BG,H$6,0) -> Nhân viên | I13: =VLOOKUP($C13,'1.2 HR-Data luong'!$B:$BG,I$6,0) -> C4 | J13: =VLOOKUP($C13,'1.2 HR-Data luong'!$B:$BG,J$6,0) -> CT | K13: =VLOOKUP($C13,'1.2 HR-Data luong'!$B:$V,'1.2 HR-Data luong'!S$5,0) -> 7000000 | L13: =VLOOKUP($C13,'1.2 HR-Data luong'!$B:$V,'1.2 HR-Data luong'!T$5,0) -> 0 | M13: =VLOOKUP($C13,'1.2 HR-Data luong'!$B:$V,'1.2 HR-Data luong'!U$5,0) -> 0 | N13: =VLOOKUP($C13,'1.2 HR-Data luong'!$B:$V,'1.2 HR-Data luong'!V$5,0) -> 0 | O13: =IF(M13>0,L13,K13) -> 7000000 | P13: =$O13*P$5 -> 1225000 | Q13: =$O13*Q$5 -> 210000 | R13: =$O13*R$5 -> 70000 | S13: =$O13*S$5 -> 140000 | T13: =$O13*T$5 -> 560000 | U13: =$O13*U$5 -> 105000 | V13: =$O13*V$5 -> 70000 | W13: =$O13*W$5 -> 735000 | ... AB13: =$O13*AB$5 -> 210000
A14: ADS | B14: 8 | C14: =VLOOKUP(B14,'1.2 HR-Data luong'!A:B,2,0) -> ADS08 | D14: =VLOOKUP($C14,'1.2 HR-Data luong'!$B:$BG,D$6,0) -> BD03 SG | E14: =VLOOKUP($C14,'1.2 HR-Data luong'!$B:$BG,E$6,0) -> NguyenVanH | F14: =VLOOKUP($C14,'1.2 HR-Data luong'!$B:$BG,F$6,0) -> Nguyễn Văn H | G14: =VLOOKUP($C14,'1.2 HR-Data luong'!$B:$BG,G$6,0) -> HCM | H14: =VLOOKUP($C14,'1.2 HR-Data luong'!$B:$BG,H$6,0) -> Nhân viên | I14: =VLOOKUP($C14,'1.2 HR-Data luong'!$B:$BG,I$6,0) -> S1 | J14: =VLOOKUP($C14,'1.2 HR-Data luong'!$B:$BG,J$6,0) -> CT | K14: =VLOOKUP($C14,'1.2 HR-Data luong'!$B:$V,'1.2 HR-Data luong'!S$5,0) -> 8000000 | L14: =VLOOKUP($C14,'1.2 HR-Data luong'!$B:$V,'1.2 HR-Data luong'!T$5,0) -> 10000000 | M14: =VLOOKUP($C14,'1.2 HR-Data luong'!$B:$V,'1.2 HR-Data luong'!U$5,0) -> 42917 | N14: =VLOOKUP($C14,'1.2 HR-Data luong'!$B:$V,'1.2 HR-Data luong'!V$5,0) -> Vào chính thức | O14: =IF(M14>0,L14,K14) -> 10000000 | P14: =$O14*P$5 -> 1750000 | Q14: =$O14*Q$5 -> 300000 | R14: =$O14*R$5 -> 100000 | S14: =$O14*S$5 -> 200000 | T14: =$O14*T$5 -> 800000 | U14: =$O14*U$5 -> 150000 | V14: =$O14*V$5 -> 100000 | W14: =$O14*W$5 -> 1050000 | ... AB14: =$O14*AB$5 -> 300000
A15: ADS | B15: 9 | C15: =VLOOKUP(B15,'1.2 HR-Data luong'!A:B,2,0) -> ADS09 | D15: =VLOOKUP($C15,'1.2 HR-Data luong'!$B:$BG,D$6,0) -> HR HN | E15: =VLOOKUP($C15,'1.2 HR-Data luong'!$B:$BG,E$6,0) -> NguyenVanI | F15: =VLOOKUP($C15,'1.2 HR-Data luong'!$B:$BG,F$6,0) -> Nguyễn Văn I | G15: =VLOOKUP($C15,'1.2 HR-Data luong'!$B:$BG,G$6,0) -> HN | H15: =VLOOKUP($C15,'1.2 HR-Data luong'!$B:$BG,H$6,0) -> Trưởng phòng | I15: =VLOOKUP($C15,'1.2 HR-Data luong'!$B:$BG,I$6,0) -> TP KPC | J15: =VLOOKUP($C15,'1.2 HR-Data luong'!$B:$BG,J$6,0) -> CT | K15: =VLOOKUP($C15,'1.2 HR-Data luong'!$B:$V,'1.2 HR-Data luong'!S$5,0) -> 9000000 | L15: =VLOOKUP($C15,'1.2 HR-Data luong'!$B:$V,'1.2 HR-Data luong'!T$5,0) -> 0 | M15: =VLOOKUP($C15,'1.2 HR-Data luong'!$B:$V,'1.2 HR-Data luong'!U$5,0) -> 0 | N15: =VLOOKUP($C15,'1.2 HR-Data luong'!$B:$V,'1.2 HR-Data luong'!V$5,0) -> 0 | O15: =IF(M15>0,L15,K15) -> 9000000 | P15: =$O15*P$5 -> 1575000 | Q15: =$O15*Q$5 -> 270000 | R15: =$O15*R$5 -> 90000 | S15: =$O15*S$5 -> 180000 | T15: =$O15*T$5 -> 720000 | U15: =$O15*U$5 -> 135000 | V15: =$O15*V$5 -> 90000 | W15: =$O15*W$5 -> 945000 | ... AB15: =$O15*AB$5 -> 270000
A16: ADS | B16: 10 | C16: =VLOOKUP(B16,'1.2 HR-Data luong'!A:B,2,0) -> ADS10 | D16: =VLOOKUP($C16,'1.2 HR-Data luong'!$B:$BG,D$6,0) -> HR HN | E16: =VLOOKUP($C16,'1.2 HR-Data luong'!$B:$BG,E$6,0) -> NguyenVanK | F16: =VLOOKUP($C16,'1.2 HR-Data luong'!$B:$BG,F$6,0) -> Nguyễn Văn K | G16: =VLOOKUP($C16,'1.2 HR-Data luong'!$B:$BG,G$6,0) -> HN | H16: =VLOOKUP($C16,'1.2 HR-Data luong'!$B:$BG,H$6,0) -> Nhân viên | I16: =VLOOKUP($C16,'1.2 HR-Data luong'!$B:$BG,I$6,0) -> C1 | J16: =VLOOKUP($C16,'1.2 HR-Data luong'!$B:$BG,J$6,0) -> CT | K16: =VLOOKUP($C16,'1.2 HR-Data luong'!$B:$V,'1.2 HR-Data luong'!S$5,0) -> 10000000 | L16: =VLOOKUP($C16,'1.2 HR-Data luong'!$B:$V,'1.2 HR-Data luong'!T$5,0) -> 0 | M16: =VLOOKUP($C16,'1.2 HR-Data luong'!$B:$V,'1.2 HR-Data luong'!U$5,0) -> 0 | N16: =VLOOKUP($C16,'1.2 HR-Data luong'!$B:$V,'1.2 HR-Data luong'!V$5,0) -> 0 | O16: =IF(M16>0,L16,K16) -> 10000000 | P16: =$O16*P$5 -> 1750000 | Q16: =$O16*Q$5 -> 300000 | R16: =$O16*R$5 -> 100000 | S16: =$O16*S$5 -> 200000 | T16: =$O16*T$5 -> 800000 | U16: =$O16*U$5 -> 150000 | V16: =$O16*V$5 -> 100000 | W16: =$O16*W$5 -> 1050000 | ... AB16: =$O16*AB$5 -> 300000

Sheet 3.5 ERP-THUE TNCN
A1: Bảng tính Thuế TNCN
A3: Mã cty | B3: TT | C3: Mã NV | D3: Phòng | E3: HO TEN | F3: Họ tên | G3: VP | H3: Chức vụ | I3: Cấp bậc | J3: Loai HDLD | K3: Tổng thu nhập | L3: Thu nhập không chịu thuế 1 | P3: Thu nhập không chịu thuế 2 | T3: Thu nhập không chịu thuế 3 | X3: Giảm trừ gia cảnh | AB3: Thu nhập tính thuế | AC3: Thuế TNCN | AD3: Mức giảm trừ cố định (Kế toán) | AE3: Mức thuế cố định (Kế toán) | AF3: Thuế TNCN trừ lương
L4: Tiền ăn ca | M4: Ngày công | N4: Công chuẩn | O4: Tiền ăn ca theo ngày công | P4: Thưởng KPI không chịu thuế | Q4: Thưởng không thuế khác […] | R4: Lương tháng trước chuyển sang (không thuế) | S4: Giảm trừ thu nhập chịu thuế (Kế toán) | T4: BHXH | U4: BHYT | V4: BHTN | W4: […] | X4: Giảm trừ bản thân | Y4: NPT | Z4: Giảm trừ gia cảnh | AA4: Tổng giảm trừ
L5: 600000 | X5: 9000000 | Z5: 3600000
C6: 1 | D6: 2 | E6: 3 | F6: 4 | G6: 5 | H6: 6 | I6: 7 | J6: 8 | K6: 9 | L6: 10 | M6: 11 | N6: 12 | O6: 13 | P6: 14 | Q6: 15 | R6: 16 | S6: 17 | T6: 14 | U6: 15 | V6: 16 | W6: 17 | X6: 18 | Y6: 19 | Z6: 20 | AA6: 21 | AB6: 22 | AC6: 23 | AD6: 24 | AE6: 25 | AF6: 26
A7: ADS | B7: 1 | C7: =VLOOKUP(B7,'1.2 HR-Data luong'!A:B,2,0) -> ADS01 | D7: =VLOOKUP($C7,'1.2 HR-Data luong'!$B:$BG,D$6,0) -> BD01 HN | E7: =VLOOKUP($C7,'1.2 HR-Data luong'!$B:$BG,E$6,0) -> NguyenVanA | F7: =VLOOKUP($C7,'1.2 HR-Data luong'!$B:$BG,F$6,0) -> Nguyễn Văn A | G7: =VLOOKUP($C7,'1.2 HR-Data luong'!$B:$BG,G$6,0) -> HN | H7: =VLOOKUP($C7,'1.2 HR-Data luong'!$B:$BG,H$6,0) -> Trưởng phòng | I7: =VLOOKUP($C7,'1.2 HR-Data luong'!$B:$BG,I$6,0) -> TP C1 | J7: =VLOOKUP($C7,'1.2 HR-Data luong'!$B:$BG,J$6,0) -> CT | K7: =VLOOKUP(C7,'4. ERP-BANG LUONG'!D:AH,31,0) -> 68032899 | L7: 600000 | M7: =VLOOKUP(C7,'1.2 HR-Data luong'!B:AC,'1.2 HR-Data luong'!R$5,0) -> 20.5 | N7: 22.5 | O7: =L7/N7*M7 -> 546666.67 | P7: =VLOOKUP(C7,'2.2 KT-THUONG'!C:R,15,0) -> 50000000 | Q7: =VLOOKUP(C7,'2.2 KT-THUONG'!C:R,16,0) -> 0 | R7: =VLOOKUP(C7,'4. ERP-BANG LUONG'!D:AG,29,0) -> 0 | S7: =VLOOKUP(C7,'2.3 KT-GIAM TRU'!C:U,17,0) -> 10000000 | T7: =VLOOKUP(C7,'3.4 ERP-BHXH'!C:X,18,0) -> 80000 | U7: =VLOOKUP(C7,'3.4 ERP-BHXH'!C:X,19,0) -> 15000 | V7: =VLOOKUP(C7,'3.4 ERP-BHXH'!C:X,20,0) -> 10000 | X7: =IF(M7>0,9000000,0) -> 9000000 | Y7: =VLOOKUP(C7,'2.3 KT-GIAM TRU'!C:V,20,0) -> 0 | Z7: =Y7*$Z$5 -> 0 | AA7: =SUM(X7,Z7) -> 9000000 | AB7: =MAX(0,K7-SUM(O7,P7:S7,T7:W7,AA7)) -> 0 | AC7: =IF(AB7>'2.1 KT-Update ty le'!$A$16,AB7*'2.1 KT-Update ty le'!$B$17-'2.1 KT-Update ty le'!$E$17,IF(AB7>'2.1 KT-Update ty le'!$A$15, AB7*'2.1 KT-Update ty le'!$B$16-'2.1 KT-Update ty le'!$E$16,IF(AB7>'2.1 KT-Update ty le'!$A$14, AB7*'2.1 KT-Update ty le'!$B$15-'2.1 KT-Update ty le'!$E$15,IF(AB7>'2.1 KT-Update ty le'!$A$13, AB7*'2.1 KT-Update ty le'!$B$14-'2.1 KT-Update ty le'!$E$14,IF(AB7>'2.1 KT-Update ty le'!$A$12, AB7*'2.1 KT-Update ty le'!$B$13-'2.1 KT-Update ty le'!$E$13,IF(AB7>'2.1 KT-Update ty le'!$A$11, AB7*'2.1 KT-Update ty le'!$B$12-'2.1 KT-Update ty le'!$E$12,IF(AB7>0, AB7*'2.1 KT-Update ty le'!$B$11,0))))))) -> 0 | AD7: =VLOOKUP(C7,'2.3 KT-GIAM TRU'!C:V,18,0) -> 0 | AE7: =VLOOKUP(C7,'2.3 KT-GIAM TRU'!C:V,19,0) -> 0 | AF7: =IF(AE7>0,AE7,AC7-AD7) -> 0
A8: ADS | B8: 2 | C8: =VLOOKUP(B8,'1.2 HR-Data luong'!A:B,2,0) -> ADS02 | D8: =VLOOKUP($C8,'1.2 HR-Data luong'!$B:$BG,D$6,0) -> BD01 HN | E8: =VLOOKUP($C8,'1.2 HR-Data luong'!$B:$BG,E$6,0) -> NguyenVanB | F8: =VLOOKUP($C8,'1.2 HR-Data luong'!$B:$BG,F$6,0) -> Nguyễn Văn B | G8: =VLOOKUP($C8,'1.2 HR-Data luong'!$B:$BG,G$6,0) -> HN | H8: =VLOOKUP($C8,'1.2 HR-Data luong'!$B:$BG,H$6,0) -> Nhân viên | I8: =VLOOKUP($C8,'1.2 HR-Data luong'!$B:$BG,I$6,0) -> C1 | J8: =VLOOKUP($C8,'1.2 HR-Data luong'!$B:$BG,J$6,0) -> CT | K8: =VLOOKUP(C8,'4. ERP-BANG LUONG'!D:AH,31,0) -> 74803111 | L8: 600000 | M8: =VLOOKUP(C8,'1.2 HR-Data luong'!B:AC,'1.2 HR-Data luong'!R$5,0) -> 20.5 | N8: 22.5 | O8: =L8/N8*M8 -> 546666.67 | P8: =VLOOKUP(C8,'2.2 KT-THUONG'!C:R,15,0) -> 50000000 | Q8: =VLOOKUP(C8,'2.2 KT-THUONG'!C:R,16,0) -> 0 | R8: =VLOOKUP(C8,'4. ERP-BANG LUONG'!D:AG,29,0) -> 0 | S8: =VLOOKUP(C8,'2.3 KT-GIAM TRU'!C:U,17,0) -> 0 | T8: =VLOOKUP(C8,'3.4 ERP-BHXH'!C:X,18,0) -> 160000 | U8: =VLOOKUP(C8,'3.4 ERP-BHXH'!C:X,19,0) -> 30000 | V8: =VLOOKUP(C8,'3.4 ERP-BHXH'!C:X,20,0) -> 20000 | X8: =IF(M8>0,9000000,0) -> 9000000 | Y8: =VLOOKUP(C8,'2.3 KT-GIAM TRU'!C:V,20,0) -> 0 | Z8: =Y8*$Z$5 -> 0 | AA8: =SUM(X8,Z8) -> 9000000 | AB8: =MAX(0,K8-SUM(O8,P8:S8,T8:W8,AA8)) -> 15046444 | AC8: =IF(AB8>'2.1 KT-Update ty le'!$A$16,AB8*'2.1 KT-Update ty le'!$B$17-'2.1 KT-Update ty le'!$E$17,IF(AB8>'2.1 KT-Update ty le'!$A$15, AB8*'2.1 KT-Update ty le'!$B$16-'2.1 KT-Update ty le'!$E$16,IF(AB8>'2.1 KT-Update ty le'!$A$14, AB8*'2.1 KT-Update ty le'!$B$15-'2.1 KT-Update ty le'!$E$15,IF(AB8>'2.1 KT-Update ty le'!$A$13, AB8*'2.1 KT-Update ty le'!$B$14-'2.1 KT-Update ty le'!$E$14,IF(AB8>'2.1 KT-Update ty le'!$A$12, AB8*'2.1 KT-Update ty le'!$B$13-'2.1 KT-Update ty le'!$E$13,IF(AB8>'2.1 KT-Update ty le'!$A$11, AB8*'2.1 KT-Update ty le'!$B$12-'2.1 KT-Update ty le'!$E$12,IF(AB8>0, AB8*'2.1 KT-Update ty le'!$B$11,0))))))) -> 1506966.7 | AD8: =VLOOKUP(C8,'2.3 KT-GIAM TRU'!C:V,18,0) -> 0 | AE8: =VLOOKUP(C8,'2.3 KT-GIAM TRU'!C:V,19,0) -> 0 | AF8: =IF(AE8>0,AE8,AC8-AD8) -> 1506966.7
A9: ADS | B9: 3 | C9: =VLOOKUP(B9,'1.2 HR-Data luong'!A:B,2,0) -> ADS03 | D9: =VLOOKUP($C9,'1.2 HR-Data luong'!$B:$BG,D$6,0) -> BD02 HN | E9: =VLOOKUP($C9,'1.2 HR-Data luong'!$B:$BG,E$6,0) -> NguyenVanC | F9: =VLOOKUP($C9,'1.2 HR-Data luong'!$B:$BG,F$6,0) -> Nguyễn Văn C | G9: =VLOOKUP($C9,'1.2 HR-Data luong'!$B:$BG,G$6,0) -> HN | H9: =VLOOKUP($C9,'1.2 HR-Data luong'!$B:$BG,H$6,0) -> Trưởng phòng | I9: =VLOOKUP($C9,'1.2 HR-Data luong'!$B:$BG,I$6,0) -> TP C2 | J9: =VLOOKUP($C9,'1.2 HR-Data luong'!$B:$BG,J$6,0) -> CT | K9: =VLOOKUP(C9,'4. ERP-BANG LUONG'!D:AH,31,0) -> 86948667 | L9: 600000 | M9: =VLOOKUP(C9,'1.2 HR-Data luong'!B:AC,'1.2 HR-Data luong'!R$5,0) -> 20.5 | N9: 22.5 | O9: =L9/N9*M9 -> 546666.67 | P9: =VLOOKUP(C9,'2.2 KT-THUONG'!C:R,15,0) -> 50000000 | Q9: =VLOOKUP(C9,'2.2 KT-THUONG'!C:R,16,0) -> 0 | R9: =VLOOKUP(C9,'4. ERP-BANG LUONG'!D:AG,29,0) -> 0 | S9: =VLOOKUP(C9,'2.3 KT-GIAM TRU'!C:U,17,0) -> 0 | T9: =VLOOKUP(C9,'3.4 ERP-BHXH'!C:X,18,0) -> 240000 | U9: =VLOOKUP(C9,'3.4 ERP-BHXH'!C:X,19,0) -> 45000 | V9: =VLOOKUP(C9,'3.4 ERP-BHXH'!C:X,20,0) -> 30000 | X9: =IF(M9>0,9000000,0) -> 9000000 | Y9: =VLOOKUP(C9,'2.3 KT-GIAM TRU'!C:V,20,0) -> 0 | Z9: =Y9*$Z$5 -> 0 | AA9: =SUM(X9,Z9) -> 9000000 | AB9: =MAX(0,K9-SUM(O9,P9:S9,T9:W9,AA9)) -> 27087000 | AC9: =IF(AB9>'2.1 KT-Update ty le'!$A$16,AB9*'2.1 KT-Update ty le'!$B$17-'2.1 KT-Update ty le'!$E$17,IF(AB9>'2.1 KT-Update ty le'!$A$15, AB9*'2.1 KT-Update ty le'!$B$16-'2.1 KT-Update ty le'!$E$16,IF(AB9>'2.1 KT-Update ty le'!$A$14, AB9*'2.1 KT-Update ty le'!$B$15-'2.1 KT-Update ty le'!$E$15,IF(AB9>'2.1 KT-Update ty le'!$A$13, AB9*'2.1 KT-Update ty le'!$B$14-'2.1 KT-Update ty le'!$E$14,IF(AB9>'2.1 KT-Update ty le'!$A$12, AB9*'2.1 KT-Update ty le'!$B$13-'2.1 KT-Update ty le'!$E$13,IF(AB9>'2.1 KT-Update ty le'!$A$11, AB9*'2.1 KT-Update ty le'!$B$12-'2.1 KT-Update ty le'!$E$12,IF(AB9>0, AB9*'2.1 KT-Update ty le'!$B$11,0))))))) -> 3767400 | AD9: =VLOOKUP(C9,'2.3 KT-GIAM TRU'!C:V,18,0) -> 1000000 | AE9: =VLOOKUP(C9,'2.3 KT-GIAM TRU'!C:V,19,0) -> 0 | AF9: =IF(AE9>0,AE9,AC9-AD9) -> 2767400
A10: ADS | B10: 4 | C10: =VLOOKUP(B10,'1.2 HR-Data luong'!A:B,2,0) -> ADS04 | D10: =VLOOKUP($C10,'1.2 HR-Data luong'!$B:$BG,D$6,0) -> BD02 HN | E10: =VLOOKUP($C10,'1.2 HR-Data luong'!$B:$BG,E$6,0) -> NguyenVanD | F10: =VLOOKUP($C10,'1.2 HR-Data luong'!$B:$BG,F$6,0) -> Nguyễn Văn D | G10: =VLOOKUP($C10,'1.2 HR-Data luong'!$B:$BG,G$6,0) -> HN | H10: =VLOOKUP($C10,'1.2 HR-Data luong'!$B:$BG,H$6,0) -> Nhân viên | I10: =VLOOKUP($C10,'1.2 HR-Data luong'!$B:$BG,I$6,0) -> C2 | J10: =VLOOKUP($C10,'1.2 HR-Data luong'!$B:$BG,J$6,0) -> CT | K10: =VLOOKUP(C10,'4. ERP-BANG LUONG'!D:AH,31,0) -> 99112444 | L10: 600000 | M10: =VLOOKUP(C10,'1.2 HR-Data luong'!B:AC,'1.2 HR-Data luong'!R$5,0) -> 20.5 | N10: 22.5 | O10: =L10/N10*M10 -> 546666.67 | P10: =VLOOKUP(C10,'2.2 KT-THUONG'!C:R,15,0) -> 50000000 | Q10: =VLOOKUP(C10,'2.2 KT-THUONG'!C:R,16,0) -> 0 | R10: =VLOOKUP(C10,'4. ERP-BANG LUONG'!D:AG,29,0) -> 0 | S10: =VLOOKUP(C10,'2.3 KT-GIAM TRU'!C:U,17,0) -> 0 | T10: =VLOOKUP(C10,'3.4 ERP-BHXH'!C:X,18,0) -> 320000 | U10: =VLOOKUP(C10,'3.4 ERP-BHXH'!C:X,19,0) -> 60000 | V10: =VLOOKUP(C10,'3.4 ERP-BHXH'!C:X,20,0) -> 40000 | X10: =IF(M10>0,9000000,0) -> 9000000 | Y10: =VLOOKUP(C10,'2.3 KT-GIAM TRU'!C:V,20,0) -> 0 | Z10: =Y10*$Z$5 -> 0 | AA10: =SUM(X10,Z10) -> 9000000 | AB10: =MAX(0,K10-SUM(O10,P10:S10,T10:W10,AA10)) -> 39145778 | AC10: =IF(AB10>'2.1 KT-Update ty le'!$A$16,AB10*'2.1 KT-Update ty le'!$B$17-'2.1 KT-Update ty le'!$E$17,IF(AB10>'2.1 KT-Update ty le'!$A$15, AB10*'2.1 KT-Update ty le'!$B$16-'2.1 KT-Update ty le'!$E$16,IF(AB10>'2.1 KT-Update ty le'!$A$14, AB10*'2.1 KT-Update ty le'!$B$15-'2.1 KT-Update ty le'!$E$15,IF(AB10>'2.1 KT-Update ty le'!$A$13, AB10*'2.1 KT-Update ty le'!$B$14-'2.1 KT-Update ty le'!$E$14,IF(AB10>'2.1 KT-Update ty le'!$A$12, AB10*'2.1 KT-Update ty le'!$B$13-'2.1 KT-Update ty le'!$E$13,IF(AB10>'2.1 KT-Update ty le'!$A$11, AB10*'2.1 KT-Update ty le'!$B$12-'2.1 KT-Update ty le'!$E$12,IF(AB10>0, AB10*'2.1 KT-Update ty le'!$B$11,0))))))) -> 6536444.4 | AD10: =VLOOKUP(C10,'2.3 KT-GIAM TRU'!C:V,18,0) -> 0 | AE10: =VLOOKUP(C10,'2.3 KT-GIAM TRU'!C:V,19,0) -> 0 | AF10: =IF(AE10>0,AE10,AC10-AD10) -> 6536444.4
A11: ADS | B11: 5 | C11: =VLOOKUP(B11,'1.2 HR-Data luong'!A:B,2,0) -> ADS05 | D11: =VLOOKUP($C11,'1.2 HR-Data luong'!$B:$BG,D$6,0) -> BD02 HN | E11: =VLOOKUP($C11,'1.2 HR-Data luong'!$B:$BG,E$6,0) -> NguyenVanE | F11: =VLOOKUP($C11,'1.2 HR-Data luong'!$B:$BG,F$6,0) -> Nguyễn Văn E | G11: =VLOOKUP($C11,'1.2 HR-Data luong'!$B:$BG,G$6,0) -> HN | H11: =VLOOKUP($C11,'1.2 HR-Data luong'!$B:$BG,H$6,0) -> Nhân viên | I11: =VLOOKUP($C11,'1.2 HR-Data luong'!$B:$BG,I$6,0) -> C3 | J11: =VLOOKUP($C11,'1.2 HR-Data luong'!$B:$BG,J$6,0) -> CT | K11: =VLOOKUP(C11,'4. ERP-BANG LUONG'!D:AH,31,0) -> 1.162759e+08 | L11: 600000 | M11: =VLOOKUP(C11,'1.2 HR-Data luong'!B:AC,'1.2 HR-Data luong'!R$5,0) -> 20.5 | N11: 22.5 | O11: =L11/N11*M11 -> 546666.67 | P11: =VLOOKUP(C11,'2.2 KT-THUONG'!C:R,15,0) -> 50000000 | Q11: =VLOOKUP(C11,'2.2 KT-THUONG'!C:R,16,0) -> 0 | R11: =VLOOKUP(C11,'4. ERP-BANG LUONG'!D:AG,29,0) -> 0 | S11: =VLOOKUP(C11,'2.3 KT-GIAM TRU'!C:U,17,0) -> 0 | T11: =VLOOKUP(C11,'3.4 ERP-BHXH'!C:X,18,0) -> 480000 | U11: =VLOOKUP(C11,'3.4 ERP-BHXH'!C:X,19,0) -> 90000 | V11: =VLOOKUP(C11,'3.4 ERP-BHXH'!C:X,20,0) -> 60000 | X11: =IF(M11>0,9000000,0) -> 9000000 | Y11: =VLOOKUP(C11,'2.3 KT-GIAM TRU'!C:V,20,0) -> 0 | Z11: =Y11*$Z$5 -> 0 | AA11: =SUM(X11,Z11) -> 9000000 | AB11: =MAX(0,K11-SUM(O11,P11:S11,T11:W11,AA11)) -> 56099235 | AC11: =IF(AB11>'2.1 KT-Update ty le'!$A$16,AB11*'2.1 KT-Update ty le'!$B$17-'2.1 KT-Update ty le'!$E$17,IF(AB11>'2.1 KT-Update ty le'!$A$15, AB11*'2.1 KT-Update ty le'!$B$16-'2.1 KT-Update ty le'!$E$16,IF(AB11>'2.1 KT-Update ty le'!$A$14, AB11*'2.1 KT-Update ty le'!$B$15-'2.1 KT-Update ty le'!$E$15,IF(AB11>'2.1 KT-Update ty le'!$A$13, AB11*'2.1 KT-Update ty le'!$B$14-'2.1 KT-Update ty le'!$E$14,IF(AB11>'2.1 KT-Update ty le'!$A$12, AB11*'2.1 KT-Update ty le'!$B$13-'2.1 KT-Update ty le'!$E$13,IF(AB11>'2.1 KT-Update ty le'!$A$11, AB11*'2.1 KT-Update ty le'!$B$12-'2.1 KT-Update ty le'!$E$12,IF(AB11>0, AB11*'2.1 KT-Update ty le'!$B$11,0))))))) -> 10979770 | AD11: =VLOOKUP(C11,'2.3 KT-GIAM TRU'!C:V,18,0) -> 0 | AE11: =VLOOKUP(C11,'2.3 KT-GIAM TRU'!C:V,19,0) -> 0 | AF11: =IF(AE11>0,AE11,AC11-AD11) -> 10979770
A12: ADS | B12: 6 | C12: =VLOOKUP(B12,'1.2 HR-Data luong'!A:B,2,0) -> ADS06 | D12: =VLOOKUP($C12,'1.2 HR-Data luong'!$B:$BG,D$6,0) -> BD03 SG | E12: =VLOOKUP($C12,'1.2 HR-Data luong'!$B:$BG,E$6,0) -> NguyenVanF | F12: =VLOOKUP($C12,'1.2 HR-Data luong'!$B:$BG,F$6,0) -> Nguyễn Văn F | G12: =VLOOKUP($C12,'1.2 HR-Data luong'!$B:$BG,G$6,0) -> HCM | H12: =VLOOKUP($C12,'1.2 HR-Data luong'!$B:$BG,H$6,0) -> Trưởng phòng | I12: =VLOOKUP($C12,'1.2 HR-Data luong'!$B:$BG,I$6,0) -> TP C3 | J12: =VLOOKUP($C12,'1.2 HR-Data luong'!$B:$BG,J$6,0) -> CT | K12: =VLOOKUP(C12,'4. ERP-BANG LUONG'!D:AH,31,0) -> 123660000 | L12: 600000 | M12: =VLOOKUP(C12,'1.2 HR-Data luong'!B:AC,'1.2 HR-Data luong'!R$5,0) -> 22.5 | N12: 22.5 | O12: =L12/N12*M12 -> 600000 | P12: =VLOOKUP(C12,'2.2 KT-THUONG'!C:R,15,0) -> 50000000 | Q12: =VLOOKUP(C12,'2.2 KT-THUONG'!C:R,16,0) -> 0 | R12: =VLOOKUP(C12,'4. ERP-BANG LUONG'!D:AG,29,0) -> 0 | S12: =VLOOKUP(C12,'2.3 KT-GIAM TRU'!C:U,17,0) -> 0 | T12: =VLOOKUP(C12,'3.4 ERP-BHXH'!C:X,18,0) -> 480000 | U12: =VLOOKUP(C12,'3.4 ERP-BHXH'!C:X,19,0) -> 90000 | V12: =VLOOKUP(C12,'3.4 ERP-BHXH'!C:X,20,0) -> 60000 | X12: =IF(M12>0,9000000,0) -> 9000000 | Y12: =VLOOKUP(C12,'2.3 KT-GIAM TRU'!C:V,20,0) -> 0 | Z12: =Y12*$Z$5 -> 0 | AA12: =SUM(X12,Z12) -> 9000000 | AB12: =MAX(0,K12-SUM(O12,P12:S12,T12:W12,AA12)) -> 63430000 | AC12: =IF(AB12>'2.1 KT-Update ty le'!$A$16,AB12*'2.1 KT-Update ty le'!$B$17-'2.1 KT-Update ty le'!$E$17,IF(AB12>'2.1 KT-Update ty le'!$A$15, AB12*'2.1 KT-Update ty le'!$B$16-'2.1 KT-Update ty le'!$E$16,IF(AB12>'2.1 KT-Update ty le'!$A$14, AB12*'2.1 KT-Update ty le'!$B$15-'2.1 KT-Update ty le'!$E$15,IF(AB12>'2.1 KT-Update ty le'!$A$13, AB12*'2.1 KT-Update ty le'!$B$14-'2.1 KT-Update ty le'!$E$14,IF(AB12>'2.1 KT-Update ty le'!$A$12, AB12*'2.1 KT-Update ty le'!$B$13-'2.1 KT-Update ty le'!$E$13,IF(AB12>'2.1 KT-Update ty le'!$A$11, AB12*'2.1 KT-Update ty le'!$B$12-'2.1 KT-Update ty le'!$E$12,IF(AB12>0, AB12*'2.1 KT-Update ty le'!$B$11,0))))))) -> 13179000 | AD12: =VLOOKUP(C12,'2.3 KT-GIAM TRU'!C:V,18,0) -> 0 | AE12: =VLOOKUP(C12,'2.3 KT-GIAM TRU'!C:V,19,0) -> 0 | AF12: =IF(AE12>0,AE12,AC12-AD12) -> 13179000
A13: ADS | B13: 7 | C13: =VLOOKUP(B13,'1.2 HR-Data luong'!A:B,2,0) -> ADS07 | D13: =VLOOKUP($C13,'1.2 HR-Data luong'!$B:$BG,D$6,0) -> BD03 SG | E13: =VLOOKUP($C13,'1.2 HR-Data luong'!$B:$BG,E$6,0) -> NguyenVanG | F13: =VLOOKUP($C13,'1.2 HR-Data luong'!$B:$BG,F$6,0) -> Nguyễn Văn G | G13: =VLOOKUP($C13,'1.2 HR-Data luong'!$B:$BG,G$6,0) -> HCM | H13: =VLOOKUP($C13,'1.2 HR-Data luong'!$B:$BG,H$6,0) -> Nhân viên | I13: =VLOOKUP($C13,'1.2 HR-Data luong'!$B:$BG,I$6,0) -> C4 | J13: =VLOOKUP($C13,'1.2 HR-Data luong'!$B:$BG,J$6,0) -> CT | K13: =VLOOKUP(C13,'4. ERP-BANG LUONG'!D:AH,31,0) -> 135890000 | L13: 600000 | M13: =VLOOKUP(C13,'1.2 HR-Data luong'!B:AC,'1.2 HR-Data luong'!R$5,0) -> 22.5 | N13: 22.5 | O13: =L13/N13*M13 -> 600000 | P13: =VLOOKUP(C13,'2.2 KT-THUONG'!C:R,15,0) -> 50000000 | Q13: =VLOOKUP(C13,'2.2 KT-THUONG'!C:R,16,0) -> 0 | R13: =VLOOKUP(C13,'4. ERP-BANG LUONG'!D:AG,29,0) -> 0 | S13: =VLOOKUP(C13,'2.3 KT-GIAM TRU'!C:U,17,0) -> 0 | T13: =VLOOKUP(C13,'3.4 ERP-BHXH'!C:X,18,0) -> 560000 | U13: =VLOOKUP(C13,'3.4 ERP-BHXH'!C:X,19,0) -> 105000 | V13: =VLOOKUP(C13,'3.4 ERP-BHXH'!C:X,20,0) -> 70000 | X13: =IF(M13>0,9000000,0) -> 9000000 | Y13: =VLOOKUP(C13,'2.3 KT-GIAM TRU'!C:V,20,0) -> 0 | Z13: =Y13*$Z$5 -> 0 | AA13: =SUM(X13,Z13) -> 9000000 | AB13: =MAX(0,K13-SUM(O13,P13:S13,T13:W13,AA13)) -> 75555000 | AC13: =IF(AB13>'2.1 KT-Update ty le'!$A$16,AB13*'2.1 KT-Update ty le'!$B$17-'2.1 KT-Update ty le'!$E$17,IF(AB13>'2.1 KT-Update ty le'!$A$15, AB13*'2.1 KT-Update ty le'!$B$16-'2.1 KT-Update ty le'!$E$16,IF(AB13>'2.1 KT-Update ty le'!$A$14, AB13*'2.1 KT-Update ty le'!$B$15-'2.1 KT-Update ty le'!$E$15,IF(AB13>'2.1 KT-Update ty le'!$A$13, AB13*'2.1 KT-Update ty le'!$B$14-'2.1 KT-Update ty le'!$E$14,IF(AB13>'2.1 KT-Update ty le'!$A$12, AB13*'2.1 KT-Update ty le'!$B$13-'2.1 KT-Update ty le'!$E$13,IF(AB13>'2.1 KT-Update ty le'!$A$11, AB13*'2.1 KT-Update ty le'!$B$12-'2.1 KT-Update ty le'!$E$12,IF(AB13>0, AB13*'2.1 KT-Update ty le'!$B$11,0))))))) -> 16816500 | AD13: =VLOOKUP(C13,'2.3 KT-GIAM TRU'!C:V,18,0) -> 0 | AE13: =VLOOKUP(C13,'2.3 KT-GIAM TRU'!C:V,19,0) -> 0 | AF13: =IF(AE13>0,AE13,AC13-AD13) -> 16816500
A14: ADS | B14: 8 | C14: =VLOOKUP(B14,'1.2 HR-Data luong'!A:B,2,0) -> ADS08 | D14: =VLOOKUP($C14,'1.2 HR-Data luong'!$B:$BG,D$6,0) -> BD03 SG | E14: =VLOOKUP($C14,'1.2 HR-Data luong'!$B:$BG,E$6,0) -> NguyenVanH | F14: =VLOOKUP($C14,'1.2 HR-Data luong'!$B:$BG,F$6,0) -> Nguyễn Văn H | G14: =VLOOKUP($C14,'1.2 HR-Data luong'!$B:$BG,G$6,0) -> HCM | H14: =VLOOKUP($C14,'1.2 HR-Data luong'!$B:$BG,H$6,0) -> Nhân viên | I14: =VLOOKUP($C14,'1.2 HR-Data luong'!$B:$BG,I$6,0) -> S1 | J14: =VLOOKUP($C14,'1.2 HR-Data luong'!$B:$BG,J$6,0) -> CT | K14: =VLOOKUP(C14,'4. ERP-BANG LUONG'!D:AH,31,0) -> 1.4938667e+08 | L14: 600000 | M14: =VLOOKUP(C14,'1.2 HR-Data luong'!B:AC,'1.2 HR-Data luong'!R$5,0) -> 22.5 | N14: 22.5 | O14: =L14/N14*M14 -> 600000 | P14: =VLOOKUP(C14,'2.2 KT-THUONG'!C:R,15,0) -> 50000000 | Q14: =VLOOKUP(C14,'2.2 KT-THUONG'!C:R,16,0) -> 0 | R14: =VLOOKUP(C14,'4. ERP-BANG LUONG'!D:AG,29,0) -> 0 | S14: =VLOOKUP(C14,'2.3 KT-GIAM TRU'!C:U,17,0) -> 0 | T14: =VLOOKUP(C14,'3.4 ERP-BHXH'!C:X,18,0) -> 800000 | U14: =VLOOKUP(C14,'3.4 ERP-BHXH'!C:X,19,0) -> 150000 | V14: =VLOOKUP(C14,'3.4 ERP-BHXH'!C:X,20,0) -> 100000 | X14: =IF(M14>0,9000000,0) -> 9000000 | Y14: =VLOOKUP(C14,'2.3 KT-GIAM TRU'!C:V,20,0) -> 0 | Z14: =Y14*$Z$5 -> 0 | AA14: =SUM(X14,Z14) -> 9000000 | AB14: =MAX(0,K14-SUM(O14,P14:S14,T14:W14,AA14)) -> 88736667 | AC14: =IF(AB14>'2.1 KT-Update ty le'!$A$16,AB14*'2.1 KT-Update ty le'!$B$17-'2.1 KT-Update ty le'!$E$17,IF(AB14>'2.1 KT-Update ty le'!$A$15, AB14*'2.1 KT-Update ty le'!$B$16-'2.1 KT-Update ty le'!$E$16,IF(AB14>'2.1 KT-Update ty le'!$A$14, AB14*'2.1 KT-Update ty le'!$B$15-'2.1 KT-Update ty le'!$E$15,IF(AB14>'2.1 KT-Update ty le'!$A$13, AB14*'2.1 KT-Update ty le'!$B$14-'2.1 KT-Update ty le'!$E$14,IF(AB14>'2.1 KT-Update ty le'!$A$12, AB14*'2.1 KT-Update ty le'!$B$13-'2.1 KT-Update ty le'!$E$13,IF(AB14>'2.1 KT-Update ty le'!$A$11, AB14*'2.1 KT-Update ty le'!$B$12-'2.1 KT-Update ty le'!$E$12,IF(AB14>0, AB14*'2.1 KT-Update ty le'!$B$11,0))))))) -> 21207833 | AD14: =VLOOKUP(C14,'2.3 KT-GIAM TRU'!C:V,18,0) -> 0 | AE14: =VLOOKUP(C14,'2.3 KT-GIAM TRU'!C:V,19,0) -> 2000000 | AF14: =IF(AE14>0,AE14,AC14-AD14) -> 2000000
A15: ADS | B15: 9 | C15: =VLOOKUP(B15,'1.2 HR-Data luong'!A:B,2,0) -> ADS09 | D15: =VLOOKUP($C15,'1.2 HR-Data luong'!$B:$BG,D$6,0) -> HR HN | E15: =VLOOKUP($C15,'1.2 HR-Data luong'!$B:$BG,E$6,0) -> NguyenVanI | F15: =VLOOKUP($C15,'1.2 HR-Data luong'!$B:$BG,F$6,0) -> Nguyễn Văn I | G15: =VLOOKUP($C15,'1.2 HR-Data luong'!$B:$BG,G$6,0) -> HN | H15: =VLOOKUP($C15,'1.2 HR-Data luong'!$B:$BG,H$6,0) -> Trưởng phòng | I15: =VLOOKUP($C15,'1.2 HR-Data luong'!$B:$BG,I$6,0) -> TP KPC | J15: =VLOOKUP($C15,'1.2 HR-Data luong'!$B:$BG,J$6,0) -> CT | K15: =VLOOKUP(C15,'4. ERP-BANG LUONG'!D:AH,31,0) -> 160410000 | L15: 600000 | M15: =VLOOKUP(C15,'1.2 HR-Data luong'!B:AC,'1.2 HR-Data luong'!R$5,0) -> 22.5 | N15: 22.5 | O15: =L15/N15*M15 -> 600000 | P15: =VLOOKUP(C15,'2.2 KT-THUONG'!C:R,15,0) -> 50000000 | Q15: =VLOOKUP(C15,'2.2 KT-THUONG'!C:R,16,0) -> 0 | R15: =VLOOKUP(C15,'4. ERP-BANG LUONG'!D:AG,29,0) -> 0 | S15: =VLOOKUP(C15,'2.3 KT-GIAM TRU'!C:U,17,0) -> 0 | T15: =VLOOKUP(C15,'3.4 ERP-BHXH'!C:X,18,0) -> 720000 | U15: =VLOOKUP(C15,'3.4 ERP-BHXH'!C:X,19,0) -> 135000 | V15: =VLOOKUP(C15,'3.4 ERP-BHXH'!C:X,20,0) -> 90000 | X15: =IF(M15>0,9000000,0) -> 9000000 | Y15: =VLOOKUP(C15,'2.3 KT-GIAM TRU'!C:V,20,0) -> 1 | Z15: =Y15*$Z$5 -> 3600000 | AA15: =SUM(X15,Z15) -> 12600000 | AB15: =MAX(0,K15-SUM(O15,P15:S15,T15:W15,AA15)) -> 96265000 | AC15: =IF(AB15>'2.1 KT-Update ty le'!$A$16,AB15*'2.1 KT-Update ty le'!$B$17-'2.1 KT-Update ty le'!$E$17,IF(AB15>'2.1 KT-Update ty le'!$A$15, AB15*'2.1 KT-Update ty le'!$B$16-'2.1 KT-Update ty le'!$E$16,IF(AB15>'2.1 KT-Update ty le'!$A$14, AB15*'2.1 KT-Update ty le'!$B$15-'2.1 KT-Update ty le'!$E$15,IF(AB15>'2.1 KT-Update ty le'!$A$13, AB15*'2.1 KT-Update ty le'!$B$14-'2.1 KT-Update ty le'!$E$14,IF(AB15>'2.1 KT-Update ty le'!$A$12, AB15*'2.1 KT-Update ty le'!$B$13-'2.1 KT-Update ty le'!$E$13,IF(AB15>'2.1 KT-Update ty le'!$A$11, AB15*'2.1 KT-Update ty le'!$B$12-'2.1 KT-Update ty le'!$E$12,IF(AB15>0, AB15*'2.1 KT-Update ty le'!$B$11,0))))))) -> 23842750 | AD15: =VLOOKUP(C15,'2.3 KT-GIAM TRU'!C:V,18,0) -> 0 | AE15: =VLOOKUP(C15,'2.3 KT-GIAM TRU'!C:V,19,0) -> 0 | AF15: =IF(AE15>0,AE15,AC15-AD15) -> 23842750
A16: ADS | B16: 10 | C16: =VLOOKUP(B16,'1.2 HR-Data luong'!A:B,2,0) -> ADS10 | D16: =VLOOKUP($C16,'1.2 HR-Data luong'!$B:$BG,D$6,0) -> HR HN | E16: =VLOOKUP($C16,'1.2 HR-Data luong'!$B:$BG,E$6,0) -> NguyenVanK | F16: =VLOOKUP($C16,'1.2 HR-Data luong'!$B:$BG,F$6,0) -> Nguyễn Văn K | G16: =VLOOKUP($C16,'1.2 HR-Data luong'!$B:$BG,G$6,0) -> HN | H16: =VLOOKUP($C16,'1.2 HR-Data luong'!$B:$BG,H$6,0) -> Nhân viên | I16: =VLOOKUP($C16,'1.2 HR-Data luong'!$B:$BG,I$6,0) -> C1 | J16: =VLOOKUP($C16,'1.2 HR-Data luong'!$B:$BG,J$6,0) -> CT | K16: =VLOOKUP(C16,'4. ERP-BANG LUONG'!D:AH,31,0) -> 172700000 | L16: 600000 | M16: =VLOOKUP(C16,'1.2 HR-Data luong'!B:AC,'1.2 HR-Data luong'!R$5,0) -> 22.5 | N16: 22.5 | O16: =L16/N16*M16 -> 600000 | P16: =VLOOKUP(C16,'2.2 KT-THUONG'!C:R,15,0) -> 50000000 | Q16: =VLOOKUP(C16,'2.2 KT-THUONG'!C:R,16,0) -> 0 | R16: =VLOOKUP(C16,'4. ERP-BANG LUONG'!D:AG,29,0) -> 0 | S16: =VLOOKUP(C16,'2.3 KT-GIAM TRU'!C:U,17,0) -> 0 | T16: =VLOOKUP(C16,'3.4 ERP-BHXH'!C:X,18,0) -> 800000 | U16: =VLOOKUP(C16,'3.4 ERP-BHXH'!C:X,19,0) -> 150000 | V16: =VLOOKUP(C16,'3.4 ERP-BHXH'!C:X,20,0) -> 100000 | X16: =IF(M16>0,9000000,0) -> 9000000 | Y16: =VLOOKUP(C16,'2.3 KT-GIAM TRU'!C:V,20,0) -> 2 | Z16: =Y16*$Z$5 -> 7200000 | AA16: =SUM(X16,Z16) -> 16200000 | AB16: =MAX(0,K16-SUM(O16,P16:S16,T16:W16,AA16)) -> 104850000 | AC16: =IF(AB16>'2.1 KT-Update ty le'!$A$16,AB16*'2.1 KT-Update ty le'!$B$17-'2.1 KT-Update ty le'!$E$17,IF(AB16>'2.1 KT-Update ty le'!$A$15, AB16*'2.1 KT-Update ty le'!$B$16-'2.1 KT-Update ty le'!$E$16,IF(AB16>'2.1 KT-Update ty le'!$A$14, AB16*'2.1 KT-Update ty le'!$B$15-'2.1 KT-Update ty le'!$E$15,IF(AB16>'2.1 KT-Update ty le'!$A$13, AB16*'2.1 KT-Update ty le'!$B$14-'2.1 KT-Update ty le'!$E$14,IF(AB16>'2.1 KT-Update ty le'!$A$12, AB16*'2.1 KT-Update ty le'!$B$13-'2.1 KT-Update ty le'!$E$13,IF(AB16>'2.1 KT-Update ty le'!$A$11, AB16*'2.1 KT-Update ty le'!$B$12-'2.1 KT-Update ty le'!$E$12,IF(AB16>0, AB16*'2.1 KT-Update ty le'!$B$11,0))))))) -> 26847500 | AD16: =VLOOKUP(C16,'2.3 KT-GIAM TRU'!C:V,18,0) -> 0 | AE16: =VLOOKUP(C16,'2.3 KT-GIAM TRU'!C:V,19,0) -> 0 | AF16: =IF(AE16>0,AE16,AC16-AD16) -> 26847500

Sheet 4. ERP-BANG LUONG
B1: BẢNG LƯƠNG THÁNG: | E1: 7 | F1: NĂM | G1: 2017
B2: LỌC: | C2: Công ty: | F2: Chi nhánh: | H2: Phòng ban:
A4: THÁNG… | B4: TT | C4: Mã Công ty | D4: Mã NV | E4: Phòng | F4: HO TEN | G4: Họ tên | H4: VP | I4: Chức vụ | J4: Cấp bậc | K4: Loai HDLD | L4: Email | N4: Trạng thái | O4: Mức Lương | Q4: Tổng Mức Lg | R4: Phụ cấp Lương | V4: 22.5 | W4: Lương theo Ngày công | X4: Phụ cấp theo NC | Y4: Lương khác (Kế toán) | AG4: Tháng trước chuyển sang (không thuế) | AH4: TỔNG TIỀN LƯƠNG & PHỤ CẤP (bao gồm lương tháng trước) | AI4: CÁC KHOẢN KHẤU TRỪ LƯƠNG | AQ4: LƯƠNG THỰC LĨNH | AR4: THANH TOÁN LƯƠNG | BG4: Ghi chú: KT nhập trước ghi gửi phiếu lương | BH4: Chọn gửi phiếu lương | BI4: Tài khoản
L5: Email cá nhân | M5: Email quản lý | O5: Lương theo cấp bậc chức vụ | P5: Lương thâm niên | R5: Phụ cấp | S5: Hỗ trợ Laptop | T5: Phụ cấp BD | U5: Phụ cấp khác […] | V5: Ngày công hưởng lương | Y5: Hỗ trợ xăng xe điện thoại | Z5: Thưởng MG | AA5: Thưởng hiệu quả công việc | AB5: Lương hiệu quả | AC5: Lương tháng 13 | AD5: Thưởng có thuế khác […] | AE5: Thưởng KPI (không thuế) | AF5: Thưởng không thuế khác […] | AI5: Thuế TNCN | AJ5: Bảo hiểm phải đóng | AK5: Công đoàn | AL5: Quỹ văn hóa | AM5: Phạt hành chính | AN5: Phạt khác HCNS | AO5: Tạm ứng (kế toán) | AP5: Trừ khác (kế toán) | AR5: Chọn phát lương lần 1 | AS5: Phát lương lần 1 | AT5: Lệnh chuyển lương lần 1 | AU5: Chọn phát lương lần 2 | AV5: Phát lương lần 2 | AW5: Lệnh chuyển lương lần 2 | AX5: Chọn phát lương lần 3 | AY5: Phát lương lần 3 | AZ5: Lệnh chuyển lương lần 3 | BA5: […] | BB5: Phát lương lần 10 | BC5: Lệnh chuyển lương lần 10 | BD5: Chọn chuyển sang tháng sau | BE5: Chuyển sang tháng sau | BF5: Còn lại | BI5: Ngân hàng | BJ5: Số tài khoản | BK5: Tên tài khoản | BL5: Mã chi nhánh | BM5: Chi nhánh | BN5: Ghi chú
D6: 1 | E6: 2 | F6: 3 | G6: 4 | H6: 5 | I6: 6 | J6: 7 | K6: 8 | L6: 9 | M6: 10 | N6: 11 | O6: 12 | P6: 13 | Q6: 14 | R6: 15 | S6: 16 | T6: 17 | U6: 18 | V6: 19 | W6: 20 | X6: 21 | Y6: 22 | Z6: 23 | AA6: 24 | AB6: 25 | AC6: 26 | AD6: 27 | AE6: 28 | AF6: 29 | AG6: 30 | AH6: 31 | AI6: 32 | AJ6: 33 | AK6: 34 | AL6: 35 | AM6: 36 | AN6: 37 | AO6: 38 | AP6: 39 | AQ6: 40 | AR6: 41 | AS6: 42 | AT6: 52 | AU6: 43 | AV6: 44 | AW6: 52 | AX6: 45 | AY6: 46 | AZ6: 52 | BA6: 47 | BB6: 48 | BC6: 52 | BD6: 49 | BE6: 50 | BF6: 51 | BG6: 53 | BH6: 54 | BI6: 55 | BJ6: 56 | BK6: 57 | BL6: 58 | BM6: 59 | BN6: 60
A7: 2017.07 | B7: 1 | C7: ADS | D7: =VLOOKUP($B7,'1.2 HR-Data luong'!$A:$AD,'1.2 HR-Data luong'!B$5+1,0) -> ADS01 | E7: =VLOOKUP($B7,'1.2 HR-Data luong'!$A:$AD,'1.2 HR-Data luong'!C$5+1,0) -> BD01 HN | F7: =VLOOKUP($B7,'1.2 HR-Data luong'!$A:$AD,'1.2 HR-Data luong'!D$5+1,0) -> NguyenVanA | G7: =VLOOKUP($B7,'1.2 HR-Data luong'!$A:$AD,'1.2 HR-Data luong'!E$5+1,0) -> Nguyễn Văn A | H7: =VLOOKUP($B7,'1.2 HR-Data luong'!$A:$AD,'1.2 HR-Data luong'!F$5+1,0) -> HN | I7: =VLOOKUP($B7,'1.2 HR-Data luong'!$A:$AD,'1.2 HR-Data luong'!G$5+1,0) -> Trưởng phòng | J7: =VLOOKUP($B7,'1.2 HR-Data luong'!$A:$AD,'1.2 HR-Data luong'!H$5+1,0) -> TP C1 | K7: =VLOOKUP($B7,'1.2 HR-Data luong'!$A:$AD,'1.2 HR-Data luong'!I$5+1,0) -> CT | ... M7: =VLOOKUP($B7,'1.2 HR-Data luong'!$A:$AD,'1.2 HR-Data luong'!K$5+1,0) -> bom@novaon.vn | N7: =VLOOKUP($D7,'1.2 HR-Data luong'!$B:$BG,'1.2 HR-Data luong'!BF$5,0) -> ON | O7: =VLOOKUP(D7,'3.1 ERP-MUC LUONG'!C:R,16,0) -> 4707317.1 | P7: =VLOOKUP(D7,'3.2 ERP-PC THAM NIEN'!C:AK,35,0) -> 84888.889 | Q7: =SUM(O7:P7) -> 4792206 | R7: =VLOOKUP(D7,'1.2 HR-Data luong'!B:AK,34,0) -> 0 | S7: =VLOOKUP(D7,'3.3 ERP-PC LAPTOP va PC BD'!C:O,13,0) -> 146341.46 | T7: =VLOOKUP(D7,'3.3 ERP-PC LAPTOP va PC BD'!C:T,18,0) -> 146341.46 | U7: 0 | V7: =VLOOKUP(D7,'1.2 HR-Data luong'!B:R,17,0) -> 20.5 | W7: =Q7/$V$4*V7 -> 4366232.1 | X7: =SUM(R7:U7)/$V$4*V7 -> 266666.67 | Y7: =VLOOKUP($D7,'2.2 KT-THUONG'!$C:$R,'2.2 KT-THUONG'!K$5,0) -> 300000 | Z7: =VLOOKUP($D7,'2.2 KT-THUONG'!$C:$R,'2.2 KT-THUONG'!L$5,0) -> 1000000 | AA7: =VLOOKUP($D7,'2.2 KT-THUONG'!$C:$R,'2.2 KT-THUONG'!M$5,0) -> 100000 | AB7: =VLOOKUP($D7,'2.2 KT-THUONG'!$C:$R,'2.2 KT-THUONG'!N$5,0) -> 2000000 | AC7: =VLOOKUP($D7,'2.2 KT-THUONG'!$C:$R,'2.2 KT-THUONG'!O$5,0) -> 10000000 | AD7: =VLOOKUP($D7,'2.2 KT-THUONG'!$C:$R,'2.2 KT-THUONG'!P$5,0) -> 0 | AE7: =VLOOKUP($D7,'2.2 KT-THUONG'!$C:$R,'2.2 KT-THUONG'!Q$5,0) -> 50000000 | AF7: =VLOOKUP($D7,'2.2 KT-THUONG'!$C:$R,'2.2 KT-THUONG'!R$5,0) -> 0 | AH7: =SUM(W7:AG7) -> 68032899 | AI7: =VLOOKUP(D7,'3.5 ERP-THUE TNCN'!C:AF,30,0) -> 0 | AJ7: =VLOOKUP(D7,'3.4 ERP-BHXH'!C:X,21,0) -> 105000 | AK7: =VLOOKUP(D7,'3.4 ERP-BHXH'!C:X,22,0) -> 10000 | AL7: =VLOOKUP($D7,'1.2 HR-Data luong'!$B:$BE,'1.2 HR-Data luong'!BE$5,0) -> 0 | AM7: =VLOOKUP($D7,'1.2 HR-Data luong'!$B:$BE,'1.2 HR-Data luong'!AM$5,0) -> 0 | AN7: =VLOOKUP($D7,'1.2 HR-Data luong'!$B:$BE,'1.2 HR-Data luong'!AN$5,0) -> 0 | AO7: =VLOOKUP(D7,'2.3 KT-GIAM TRU'!C:S,16,0) -> 0 | AP7: =VLOOKUP(D7,'2.3 KT-GIAM TRU'!C:S,15,0) -> 0 | AQ7: =AH7-SUM(AI7:AP7) -> 67917899 | AR7: =IF(N7="OFF",0,"X") -> X | AS7: =IF(AR7="X",AQ7,0) -> 67917899 | AT7: ADSHN170701 | BF7: =AQ7-SUM(AS7,AV7,AY7,BB7,BE7) -> 0 | BI7: =VLOOKUP(D7,'1.1 HR-Ho so nhan su'!B:AR,39,0) -> 2. TPB | BJ7: =VLOOKUP(D7,'1.1 HR-Ho so nhan su'!B:AR,40,0) -> TPB001 | BK7: =VLOOKUP(D7,'1.1 HR-Ho so nhan su'!B:AR,41,0) -> Nguyễn Văn A | BL7: =VLOOKUP(D7,'1.1 HR-Ho so nhan su'!B:AR,42,0) -> KHB | BM7: =VLOOKUP(D7,'1.1 HR-Ho so nhan su'!B:AR,43,0) -> HN | BN7: =VLOOKUP(D7,'1.1 HR-Ho so nhan su'!B:AS,44,0) -> 0
A8: 2017.07 | B8: 2 | C8: ADS | D8: =VLOOKUP($B8,'1.2 HR-Data luong'!$A:$AD,'1.2 HR-Data luong'!B$5+1,0) -> ADS02 | E8: =VLOOKUP($B8,'1.2 HR-Data luong'!$A:$AD,'1.2 HR-Data luong'!C$5+1,0) -> BD01 HN | F8: =VLOOKUP($B8,'1.2 HR-Data luong'!$A:$AD,'1.2 HR-Data luong'!D$5+1,0) -> NguyenVanB | G8: =VLOOKUP($B8,'1.2 HR-Data luong'!$A:$AD,'1.2 HR-Data luong'!E$5+1,0) -> Nguyễn Văn B | H8: =VLOOKUP($B8,'1.2 HR-Data luong'!$A:$AD,'1.2 HR-Data luong'!F$5+1,0) -> HN | I8: =VLOOKUP($B8,'1.2 HR-Data luong'!$A:$AD,'1.2 HR-Data luong'!G$5+1,0) -> Nhân viên | J8: =VLOOKUP($B8,'1.2 HR-Data luong'!$A:$AD,'1.2 HR-Data luong'!H$5+1,0) -> C1 | K8: =VLOOKUP($B8,'1.2 HR-Data luong'!$A:$AD,'1.2 HR-Data luong'!I$5+1,0) -> CT | ... M8: =VLOOKUP($B8,'1.2 HR-Data luong'!$A:$AD,'1.2 HR-Data luong'!K$5+1,0) -> anv@novaon.vn | N8: =VLOOKUP($D8,'1.2 HR-Data luong'!$B:$BG,'1.2 HR-Data luong'!BF$5,0) -> OFF | O8: =VLOOKUP(D8,'3.1 ERP-MUC LUONG'!C:R,16,0) -> 2195122 | P8: =VLOOKUP(D8,'3.2 ERP-PC THAM NIEN'!C:AK,35,0) -> 40000 | Q8: =SUM(O8:P8) -> 2235122 | R8: =VLOOKUP(D8,'1.2 HR-Data luong'!B:AK,34,0) -> 0 | S8: =VLOOKUP(D8,'3.3 ERP-PC LAPTOP va PC BD'!C:O,13,0) -> 146341.46 | T8: =VLOOKUP(D8,'3.3 ERP-PC LAPTOP va PC BD'!C:T,18,0) -> 146341.46 | U8: 0 | V8: =VLOOKUP(D8,'1.2 HR-Data luong'!B:R,17,0) -> 20.5 | W8: =Q8/$V$4*V8 -> 2036444.4 | X8: =SUM(R8:U8)/$V$4*V8 -> 266666.67 | Y8: =VLOOKUP($D8,'2.2 KT-THUONG'!$C:$R,'2.2 KT-THUONG'!K$5,0) -> 300000 | Z8: =VLOOKUP($D8,'2.2 KT-THUONG'!$C:$R,'2.2 KT-THUONG'!L$5,0) -> 2000000 | AA8: =VLOOKUP($D8,'2.2 KT-THUONG'!$C:$R,'2.2 KT-THUONG'!M$5,0) -> 200000 | AB8: =VLOOKUP($D8,'2.2 KT-THUONG'!$C:$R,'2.2 KT-THUONG'!N$5,0) -> 0 | AC8: =VLOOKUP($D8,'2.2 KT-THUONG'!$C:$R,'2.2 KT-THUONG'!O$5,0) -> 20000000 | AD8: =VLOOKUP($D8,'2.2 KT-THUONG'!$C:$R,'2.2 KT-THUONG'!P$5,0) -> 0 | AE8: =VLOOKUP($D8,'2.2 KT-THUONG'!$C:$R,'2.2 KT-THUONG'!Q$5,0) -> 50000000 | AF8: =VLOOKUP($D8,'2.2 KT-THUONG'!$C:$R,'2.2 KT-THUONG'!R$5,0) -> 0 | AH8: =SUM(W8:AG8) -> 74803111 | AI8: =VLOOKUP(D8,'3.5 ERP-THUE TNCN'!C:AF,30,0) -> 1506966.7 | AJ8: =VLOOKUP(D8,'3.4 ERP-BHXH'!C:X,21,0) -> 210000 | AK8: =VLOOKUP(D8,'3.4 ERP-BHXH'!C:X,22,0) -> 20000 | AL8: =VLOOKUP($D8,'1.2 HR-Data luong'!$B:$BE,'1.2 HR-Data luong'!BE$5,0) -> 0 | AM8: =VLOOKUP($D8,'1.2 HR-Data luong'!$B:$BE,'1.2 HR-Data luong'!AM$5,0) -> 0 | AN8: =VLOOKUP($D8,'1.2 HR-Data luong'!$B:$BE,'1.2 HR-Data luong'!AN$5,0) -> 1000000 | AO8: =VLOOKUP(D8,'2.3 KT-GIAM TRU'!C:S,16,0) -> 500000 | AP8: =VLOOKUP(D8,'2.3 KT-GIAM TRU'!C:S,15,0) -> 315000 | AQ8: =AH8-SUM(AI8:AP8) -> 71251144 | AR8: =IF(N8="OFF",0,"X") -> 0 | AS8: =IF(AR8="X",AQ8,0) -> 0 | AU8: X | AV8: =AQ8-AS8 -> 71251144 | AW8: ADSHN170702 | BF8: =AQ8-SUM(AS8,AV8,AY8,BB8,BE8) -> 0 | BI8: =VLOOKUP(D8,'1.1 HR-Ho so nhan su'!B:AR,39,0) -> 2. TPB | BJ8: =VLOOKUP(D8,'1.1 HR-Ho so nhan su'!B:AR,40,0) -> TPB002 | BK8: =VLOOKUP(D8,'1.1 HR-Ho so nhan su'!B:AR,41,0) -> Nguyễn Văn B | BL8: =VLOOKUP(D8,'1.1 HR-Ho so nhan su'!B:AR,42,0) -> KHB | BM8: =VLOOKUP(D8,'1.1 HR-Ho so nhan su'!B:AR,43,0) -> HN | BN8: =VLOOKUP(D8,'1.1 HR-Ho so nhan su'!B:AS,44,0) -> 0
A9: 2017.07 | B9: 3 | C9: ADS | D9: =VLOOKUP($B9,'1.2 HR-Data luong'!$A:$AD,'1.2 HR-Data luong'!B$5+1,0) -> ADS03 | E9: =VLOOKUP($B9,'1.2 HR-Data luong'!$A:$AD,'1.2 HR-Data luong'!C$5+1,0) -> BD02 HN | F9: =VLOOKUP($B9,'1.2 HR-Data luong'!$A:$AD,'1.2 HR-Data luong'!D$5+1,0) -> NguyenVanC | G9: =VLOOKUP($B9,'1.2 HR-Data luong'!$A:$AD,'1.2 HR-Data luong'!E$5+1,0) -> Nguyễn Văn C | H9: =VLOOKUP($B9,'1.2 HR-Data luong'!$A:$AD,'1.2 HR-Data luong'!F$5+1,0) -> HN | I9: =VLOOKUP($B9,'1.2 HR-Data luong'!$A:$AD,'1.2 HR-Data luong'!G$5+1,0) -> Trưởng phòng | J9: =VLOOKUP($B9,'1.2 HR-Data luong'!$A:$AD,'1.2 HR-Data luong'!H$5+1,0) -> TP C2 | K9: =VLOOKUP($B9,'1.2 HR-Data luong'!$A:$AD,'1.2 HR-Data luong'!I$5+1,0) -> CT | ... M9: =VLOOKUP($B9,'1.2 HR-Data luong'!$A:$AD,'1.2 HR-Data luong'!K$5+1,0) -> bom@novaon.vn | N9: =VLOOKUP($D9,'1.2 HR-Data luong'!$B:$BG,'1.2 HR-Data luong'!BF$5,0) -> ON | O9: =VLOOKUP(D9,'3.1 ERP-MUC LUONG'!C:R,16,0) -> 3292682.9 | P9: =VLOOKUP(D9,'3.2 ERP-PC THAM NIEN'!C:AK,35,0) -> 90000 | Q9: =SUM(O9:P9) -> 3382682.9 | R9: =VLOOKUP(D9,'1.2 HR-Data luong'!B:AK,34,0) -> 0 | S9: =VLOOKUP(D9,'3.3 ERP-PC LAPTOP va PC BD'!C:O,13,0) -> 146341.46 | T9: =VLOOKUP(D9,'3.3 ERP-PC LAPTOP va PC BD'!C:T,18,0) -> 146341.46 | U9: 0 | V9: =VLOOKUP(D9,'1.2 HR-Data luong'!B:R,17,0) -> 20.5 | W9: =Q9/$V$4*V9 -> 3082000 | X9: =SUM(R9:U9)/$V$4*V9 -> 266666.67 | Y9: =VLOOKUP($D9,'2.2 KT-THUONG'!$C:$R,'2.2 KT-THUONG'!K$5,0) -> 300000 | Z9: =VLOOKUP($D9,'2.2 KT-THUONG'!$C:$R,'2.2 KT-THUONG'!L$5,0) -> 3000000 | AA9: =VLOOKUP($D9,'2.2 KT-THUONG'!$C:$R,'2.2 KT-THUONG'!M$5,0) -> 300000 | AB9: =VLOOKUP($D9,'2.2 KT-THUONG'!$C:$R,'2.2 KT-THUONG'!N$5,0) -> 0 | AC9: =VLOOKUP($D9,'2.2 KT-THUONG'!$C:$R,'2.2 KT-THUONG'!O$5,0) -> 30000000 | AD9: =VLOOKUP($D9,'2.2 KT-THUONG'!$C:$R,'2.2 KT-THUONG'!P$5,0) -> 0 | AE9: =VLOOKUP($D9,'2.2 KT-THUONG'!$C:$R,'2.2 KT-THUONG'!Q$5,0) -> 50000000 | AF9: =VLOOKUP($D9,'2.2 KT-THUONG'!$C:$R,'2.2 KT-THUONG'!R$5,0) -> 0 | AH9: =SUM(W9:AG9) -> 86948667 | AI9: =VLOOKUP(D9,'3.5 ERP-THUE TNCN'!C:AF,30,0) -> 2767400 | AJ9: =VLOOKUP(D9,'3.4 ERP-BHXH'!C:X,21,0) -> 315000 | AK9: =VLOOKUP(D9,'3.4 ERP-BHXH'!C:X,22,0) -> 30000 | AL9: =VLOOKUP($D9,'1.2 HR-Data luong'!$B:$BE,'1.2 HR-Data luong'!BE$5,0) -> 30000 | AM9: =VLOOKUP($D9,'1.2 HR-Data luong'!$B:$BE,'1.2 HR-Data luong'!AM$5,0) -> 0 | AN9: =VLOOKUP($D9,'1.2 HR-Data luong'!$B:$BE,'1.2 HR-Data luong'!AN$5,0) -> 0 | AO9: =VLOOKUP(D9,'2.3 KT-GIAM TRU'!C:S,16,0) -> 0 | AP9: =VLOOKUP(D9,'2.3 KT-GIAM TRU'!C:S,15,0) -> 0 | AQ9: =AH9-SUM(AI9:AP9) -> 83806267 | AR9: 0 | AS9: =IF(AR9="X",AQ9,0) -> 0 | BD9: X | BE9: =AQ9-SUM(AS9,AV9,AY9,BB9) -> 83806267 | BF9: =AQ9-SUM(AS9,AV9,AY9,BB9,BE9) -> 0 | BI9: =VLOOKUP(D9,'1.1 HR-Ho so nhan su'!B:AR,39,0) -> 2. TPB | BJ9: =VLOOKUP(D9,'1.1 HR-Ho so nhan su'!B:AR,40,0) -> TPB003 | BK9: =VLOOKUP(D9,'1.1 HR-Ho so nhan su'!B:AR,41,0) -> Nguyễn Văn C | BL9: =VLOOKUP(D9,'1.1 HR-Ho so nhan su'!B:AR,42,0) -> KHB | BM9: =VLOOKUP(D9,'1.1 HR-Ho so nhan su'!B:AR,43,0) -> HN | BN9: =VLOOKUP(D9,'1.1 HR-Ho so nhan su'!B:AS,44,0) -> 0
A10: 2017.07 | B10: 4 | C10: ADS | D10: =VLOOKUP($B10,'1.2 HR-Data luong'!$A:$AD,'1.2 HR-Data luong'!B$5+1,0) -> ADS04 | E10: =VLOOKUP($B10,'1.2 HR-Data luong'!$A:$AD,'1.2 HR-Data luong'!C$5+1,0) -> BD02 HN | F10: =VLOOKUP($B10,'1.2 HR-Data luong'!$A:$AD,'1.2 HR-Data luong'!D$5+1,0) -> NguyenVanD | G10: =VLOOKUP($B10,'1.2 HR-Data luong'!$A:$AD,'1.2 HR-Data luong'!E$5+1,0) -> Nguyễn Văn D | H10: =VLOOKUP($B10,'1.2 HR-Data luong'!$A:$AD,'1.2 HR-Data luong'!F$5+1,0) -> HN | I10: =VLOOKUP($B10,'1.2 HR-Data luong'!$A:$AD,'1.2 HR-Data luong'!G$5+1,0) -> Nhân viên | J10: =VLOOKUP($B10,'1.2 HR-Data luong'!$A:$AD,'1.2 HR-Data luong'!H$5+1,0) -> C2 | K10: =VLOOKUP($B10,'1.2 HR-Data luong'!$A:$AD,'1.2 HR-Data luong'!I$5+1,0) -> CT | ... M10: =VLOOKUP($B10,'1.2 HR-Data luong'!$A:$AD,'1.2 HR-Data luong'!K$5+1,0) -> cnv@novaon.vn | N10: =VLOOKUP($D10,'1.2 HR-Data luong'!$B:$BG,'1.2 HR-Data luong'!BF$5,0) -> ON | O10: =VLOOKUP(D10,'3.1 ERP-MUC LUONG'!C:R,16,0) -> 4390243.9 | P10: =VLOOKUP(D10,'3.2 ERP-PC THAM NIEN'!C:AK,35,0) -> 160000 | Q10: =SUM(O10:P10) -> 4550243.9 | R10: =VLOOKUP(D10,'1.2 HR-Data luong'!B:AK,34,0) -> 0 | S10: =VLOOKUP(D10,'3.3 ERP-PC LAPTOP va PC BD'!C:O,13,0) -> 146341.46 | T10: =VLOOKUP(D10,'3.3 ERP-PC LAPTOP va PC BD'!C:T,18,0) -> 146341.46 | U10: 0 | V10: =VLOOKUP(D10,'1.2 HR-Data luong'!B:R,17,0) -> 20.5 | W10: =Q10/$V$4*V10 -> 4145777.8 | X10: =SUM(R10:U10)/$V$4*V10 -> 266666.67 | Y10: =VLOOKUP($D10,'2.2 KT-THUONG'!$C:$R,'2.2 KT-THUONG'!K$5,0) -> 300000 | Z10: =VLOOKUP($D10,'2.2 KT-THUONG'!$C:$R,'2.2 KT-THUONG'!L$5,0) -> 4000000 | AA10: =VLOOKUP($D10,'2.2 KT-THUONG'!$C:$R,'2.2 KT-THUONG'!M$5,0) -> 400000 | AB10: =VLOOKUP($D10,'2.2 KT-THUONG'!$C:$R,'2.2 KT-THUONG'!N$5,0) -> 0 | AC10: =VLOOKUP($D10,'2.2 KT-THUONG'!$C:$R,'2.2 KT-THUONG'!O$5,0) -> 40000000 | AD10: =VLOOKUP($D10,'2.2 KT-THUONG'!$C:$R,'2.2 KT-THUONG'!P$5,0) -> 0 | AE10: =VLOOKUP($D10,'2.2 KT-THUONG'!$C:$R,'2.2 KT-THUONG'!Q$5,0) -> 50000000 | AF10: =VLOOKUP($D10,'2.2 KT-THUONG'!$C:$R,'2.2 KT-THUONG'!R$5,0) -> 0 | AH10: =SUM(W10:AG10) -> 99112444 | AI10: =VLOOKUP(D10,'3.5 ERP-THUE TNCN'!C:AF,30,0) -> 6536444.4 | AJ10: =VLOOKUP(D10,'3.4 ERP-BHXH'!C:X,21,0) -> 420000 | AK10: =VLOOKUP(D10,'3.4 ERP-BHXH'!C:X,22,0) -> 40000 | AL10: =VLOOKUP($D10,'1.2 HR-Data luong'!$B:$BE,'1.2 HR-Data luong'!BE$5,0) -> 0 | AM10: =VLOOKUP($D10,'1.2 HR-Data luong'!$B:$BE,'1.2 HR-Data luong'!AM$5,0) -> 0 | AN10: =VLOOKUP($D10,'1.2 HR-Data luong'!$B:$BE,'1.2 HR-Data luong'!AN$5,0) -> 0 | AO10: =VLOOKUP(D10,'2.3 KT-GIAM TRU'!C:S,16,0) -> 0 | AP10: =VLOOKUP(D10,'2.3 KT-GIAM TRU'!C:S,15,0) -> 0 | AQ10: =AH10-SUM(AI10:AP10) -> 92116000 | AR10: =IF(N10="OFF",0,"X") -> X | AS10: =IF(AR10="X",AQ10,0) -> 92116000 | AT10: ADSHN170701 | BF10: =AQ10-SUM(AS10,AV10,AY10,BB10,BE10) -> 0 | BI10: =VLOOKUP(D10,'1.1 HR-Ho so nhan su'!B:AR,39,0) -> 2. TPB | BJ10: =VLOOKUP(D10,'1.1 HR-Ho so nhan su'!B:AR,40,0) -> TPB004 | BK10: =VLOOKUP(D10,'1.1 HR-Ho so nhan su'!B:AR,41,0) -> Nguyễn Văn D | BL10: =VLOOKUP(D10,'1.1 HR-Ho so nhan su'!B:AR,42,0) -> KHB | BM10: =VLOOKUP(D10,'1.1 HR-Ho so nhan su'!B:AR,43,0) -> HN | BN10: =VLOOKUP(D10,'1.1 HR-Ho so nhan su'!B:AS,44,0) -> 0
A11: 2017.07 | B11: 5 | C11: ADS | D11: =VLOOKUP($B11,'1.2 HR-Data luong'!$A:$AD,'1.2 HR-Data luong'!B$5+1,0) -> ADS05 | E11: =VLOOKUP($B11,'1.2 HR-Data luong'!$A:$AD,'1.2 HR-Data luong'!C$5+1,0) -> BD02 HN | F11: =VLOOKUP($B11,'1.2 HR-Data luong'!$A:$AD,'1.2 HR-Data luong'!D$5+1,0) -> NguyenVanE | G11: =VLOOKUP($B11,'1.2 HR-Data luong'!$A:$AD,'1.2 HR-Data luong'!E$5+1,0) -> Nguyễn Văn E | H11: =VLOOKUP($B11,'1.2 HR-Data luong'!$A:$AD,'1.2 HR-Data luong'!F$5+1,0) -> HN | I11: =VLOOKUP($B11,'1.2 HR-Data luong'!$A:$AD,'1.2 HR-Data luong'!G$5+1,0) -> Nhân viên | J11: =VLOOKUP($B11,'1.2 HR-Data luong'!$A:$AD,'1.2 HR-Data luong'!H$5+1,0) -> C3 | K11: =VLOOKUP($B11,'1.2 HR-Data luong'!$A:$AD,'1.2 HR-Data luong'!I$5+1,0) -> CT | ... M11: =VLOOKUP($B11,'1.2 HR-Data luong'!$A:$AD,'1.2 HR-Data luong'!K$5+1,0) -> cnv@novaon.vn | N11: =VLOOKUP($D11,'1.2 HR-Data luong'!$B:$BG,'1.2 HR-Data luong'!BF$5,0) -> ON | O11: =VLOOKUP(D11,'3.1 ERP-MUC LUONG'!C:R,16,0) -> 10487805 | P11: =VLOOKUP(D11,'3.2 ERP-PC THAM NIEN'!C:AK,35,0) -> 571111.11 | Q11: =SUM(O11:P11) -> 11058916 | R11: =VLOOKUP(D11,'1.2 HR-Data luong'!B:AK,34,0) -> 0 | S11: =VLOOKUP(D11,'3.3 ERP-PC LAPTOP va PC BD'!C:O,13,0) -> 219512.2 | T11: =VLOOKUP(D11,'3.3 ERP-PC LAPTOP va PC BD'!C:T,18,0) -> 219512.2 | U11: 0 | V11: =VLOOKUP(D11,'1.2 HR-Data luong'!B:R,17,0) -> 20.5 | W11: =Q11/$V$4*V11 -> 10075901 | X11: =SUM(R11:U11)/$V$4*V11 -> 400000 | Y11: =VLOOKUP($D11,'2.2 KT-THUONG'!$C:$R,'2.2 KT-THUONG'!K$5,0) -> 300000 | Z11: =VLOOKUP($D11,'2.2 KT-THUONG'!$C:$R,'2.2 KT-THUONG'!L$5,0) -> 5000000 | AA11: =VLOOKUP($D11,'2.2 KT-THUONG'!$C:$R,'2.2 KT-THUONG'!M$5,0) -> 500000 | AB11: =VLOOKUP($D11,'2.2 KT-THUONG'!$C:$R,'2.2 KT-THUONG'!N$5,0) -> 0 | AC11: =VLOOKUP($D11,'2.2 KT-THUONG'!$C:$R,'2.2 KT-THUONG'!O$5,0) -> 50000000 | AD11: =VLOOKUP($D11,'2.2 KT-THUONG'!$C:$R,'2.2 KT-THUONG'!P$5,0) -> 0 | AE11: =VLOOKUP($D11,'2.2 KT-THUONG'!$C:$R,'2.2 KT-THUONG'!Q$5,0) -> 50000000 | AF11: =VLOOKUP($D11,'2.2 KT-THUONG'!$C:$R,'2.2 KT-THUONG'!R$5,0) -> 0 | AH11: =SUM(W11:AG11) -> 1.162759e+08 | AI11: =VLOOKUP(D11,'3.5 ERP-THUE TNCN'!C:AF,30,0) -> 10979770 | AJ11: =VLOOKUP(D11,'3.4 ERP-BHXH'!C:X,21,0) -> 630000 | AK11: =VLOOKUP(D11,'3.4 ERP-BHXH'!C:X,22,0) -> 60000 | AL11: =VLOOKUP($D11,'1.2 HR-Data luong'!$B:$BE,'1.2 HR-Data luong'!BE$5,0) -> 0 | AM11: =VLOOKUP($D11,'1.2 HR-Data luong'!$B:$BE,'1.2 HR-Data luong'!AM$5,0) -> 0 | AN11: =VLOOKUP($D11,'1.2 HR-Data luong'!$B:$BE,'1.2 HR-Data luong'!AN$5,0) -> 0 | AO11: =VLOOKUP(D11,'2.3 KT-GIAM TRU'!C:S,16,0) -> 0 | AP11: =VLOOKUP(D11,'2.3 KT-GIAM TRU'!C:S,15,0) -> 0 | AQ11: =AH11-SUM(AI11:AP11) -> 1.0460613e+08 | AR11: =IF(N11="OFF",0,"X") -> X | AS11: =IF(AR11="X",AQ11,0) -> 1.0460613e+08 | AT11: ADSHN170701 | BF11: =AQ11-SUM(AS11,AV11,AY11,BB11,BE11) -> 0 | BI11: =VLOOKUP(D11,'1.1 HR-Ho so nhan su'!B:AR,39,0) -> 2. TPB | BJ11: =VLOOKUP(D11,'1.1 HR-Ho so nhan su'!B:AR,40,0) -> TPB005 | BK11: =VLOOKUP(D11,'1.1 HR-Ho so nhan su'!B:AR,41,0) -> Nguyễn Văn E | BL11: =VLOOKUP(D11,'1.1 HR-Ho so nhan su'!B:AR,42,0) -> KHB | BM11: =VLOOKUP(D11,'1.1 HR-Ho so nhan su'!B:AR,43,0) -> HN | BN11: =VLOOKUP(D11,'1.1 HR-Ho so nhan su'!B:AS,44,0) -> 0
A12: 2017.07 | B12: 6 | C12: ADS | D12: =VLOOKUP($B12,'1.2 HR-Data luong'!$A:$AD,'1.2 HR-Data luong'!B$5+1,0) -> ADS06 | E12: =VLOOKUP($B12,'1.2 HR-Data luong'!$A:$AD,'1.2 HR-Data luong'!C$5+1,0) -> BD03 SG | F12: =VLOOKUP($B12,'1.2 HR-Data luong'!$A:$AD,'1.2 HR-Data luong'!D$5+1,0) -> NguyenVanF | G12: =VLOOKUP($B12,'1.2 HR-Data luong'!$A:$AD,'1.2 HR-Data luong'!E$5+1,0) -> Nguyễn Văn F | H12: =VLOOKUP($B12,'1.2 HR-Data luong'!$A:$AD,'1.2 HR-Data luong'!F$5+1,0) -> HCM | I12: =VLOOKUP($B12,'1.2 HR-Data luong'!$A:$AD,'1.2 HR-Data luong'!G$5+1,0) -> Trưởng phòng | J12: =VLOOKUP($B12,'1.2 HR-Data luong'!$A:$AD,'1.2 HR-Data luong'!H$5+1,0) -> TP C3 | K12: =VLOOKUP($B12,'1.2 HR-Data luong'!$A:$AD,'1.2 HR-Data luong'!I$5+1,0) -> CT | ... M12: =VLOOKUP($B12,'1.2 HR-Data luong'!$A:$AD,'1.2 HR-Data luong'!K$5+1,0) -> bom@novaon.vn | N12: =VLOOKUP($D12,'1.2 HR-Data luong'!$B:$BG,'1.2 HR-Data luong'!BF$5,0) -> ON | O12: =VLOOKUP(D12,'3.1 ERP-MUC LUONG'!C:R,16,0) -> 6000000 | P12: =VLOOKUP(D12,'3.2 ERP-PC THAM NIEN'!C:AK,35,0) -> 360000 | Q12: =SUM(O12:P12) -> 6360000 | R12: =VLOOKUP(D12,'1.2 HR-Data luong'!B:AK,34,0) -> 0 | S12: =VLOOKUP(D12,'3.3 ERP-PC LAPTOP va PC BD'!C:O,13,0) -> 200000 | T12: =VLOOKUP(D12,'3.3 ERP-PC LAPTOP va PC BD'!C:T,18,0) -> 200000 | U12: 0 | V12: =VLOOKUP(D12,'1.2 HR-Data luong'!B:R,17,0) -> 22.5 | W12: =Q12/$V$4*V12 -> 6360000 | X12: =SUM(R12:U12)/$V$4*V12 -> 400000 | Y12: =VLOOKUP($D12,'2.2 KT-THUONG'!$C:$R,'2.2 KT-THUONG'!K$5,0) -> 300000 | Z12: =VLOOKUP($D12,'2.2 KT-THUONG'!$C:$R,'2.2 KT-THUONG'!L$5,0) -> 6000000 | AA12: =VLOOKUP($D12,'2.2 KT-THUONG'!$C:$R,'2.2 KT-THUONG'!M$5,0) -> 600000 | AB12: =VLOOKUP($D12,'2.2 KT-THUONG'!$C:$R,'2.2 KT-THUONG'!N$5,0) -> 0 | AC12: =VLOOKUP($D12,'2.2 KT-THUONG'!$C:$R,'2.2 KT-THUONG'!O$5,0) -> 60000000 | AD12: =VLOOKUP($D12,'2.2 KT-THUONG'!$C:$R,'2.2 KT-THUONG'!P$5,0) -> 0 | AE12: =VLOOKUP($D12,'2.2 KT-THUONG'!$C:$R,'2.2 KT-THUONG'!Q$5,0) -> 50000000 | AF12: =VLOOKUP($D12,'2.2 KT-THUONG'!$C:$R,'2.2 KT-THUONG'!R$5,0) -> 0 | AH12: =SUM(W12:AG12) -> 123660000 | AI12: =VLOOKUP(D12,'3.5 ERP-THUE TNCN'!C:AF,30,0) -> 13179000 | AJ12: =VLOOKUP(D12,'3.4 ERP-BHXH'!C:X,21,0) -> 630000 | AK12: =VLOOKUP(D12,'3.4 ERP-BHXH'!C:X,22,0) -> 60000 | AL12: =VLOOKUP($D12,'1.2 HR-Data luong'!$B:$BE,'1.2 HR-Data luong'!BE$5,0) -> 0 | AM12: =VLOOKUP($D12,'1.2 HR-Data luong'!$B:$BE,'1.2 HR-Data luong'!AM$5,0) -> 0 | AN12: =VLOOKUP($D12,'1.2 HR-Data luong'!$B:$BE,'1.2 HR-Data luong'!AN$5,0) -> 0 | AO12: =VLOOKUP(D12,'2.3 KT-GIAM TRU'!C:S,16,0) -> 0 | AP12: =VLOOKUP(D12,'2.3 KT-GIAM TRU'!C:S,15,0) -> 0 | AQ12: =AH12-SUM(AI12:AP12) -> 109791000 | AR12: =IF(N12="OFF",0,"X") -> X | AS12: =IF(AR12="X",AQ12,0) -> 109791000 | AT12: ADSHN170701 | BF12: =AQ12-SUM(AS12,AV12,AY12,BB12,BE12) -> 0 | BI12: =VLOOKUP(D12,'1.1 HR-Ho so nhan su'!B:AR,39,0) -> 2. TPB | BJ12: =VLOOKUP(D12,'1.1 HR-Ho so nhan su'!B:AR,40,0) -> TPB006 | BK12: =VLOOKUP(D12,'1.1 HR-Ho so nhan su'!B:AR,41,0) -> Nguyễn Văn F | BL12: =VLOOKUP(D12,'1.1 HR-Ho so nhan su'!B:AR,42,0) -> KHB | BM12: =VLOOKUP(D12,'1.1 HR-Ho so nhan su'!B:AR,43,0) -> HN | BN12: =VLOOKUP(D12,'1.1 HR-Ho so nhan su'!B:AS,44,0) -> 0
A13: 2017.07 | B13: 7 | C13: ADS | D13: =VLOOKUP($B13,'1.2 HR-Data luong'!$A:$AD,'1.2 HR-Data luong'!B$5+1,0) -> ADS07 | E13: =VLOOKUP($B13,'1.2 HR-Data luong'!$A:$AD,'1.2 HR-Data luong'!C$5+1,0) -> BD03 SG | F13: =VLOOKUP($B13,'1.2 HR-Data luong'!$A:$AD,'1.2 HR-Data luong'!D$5+1,0) -> NguyenVanG | G13: =VLOOKUP($B13,'1.2 HR-Data luong'!$A:$AD,'1.2 HR-Data luong'!E$5+1,0) -> Nguyễn Văn G | H13: =VLOOKUP($B13,'1.2 HR-Data luong'!$A:$AD,'1.2 HR-Data luong'!F$5+1,0) -> HCM | I13: =VLOOKUP($B13,'1.2 HR-Data luong'!$A:$AD,'1.2 HR-Data luong'!G$5+1,0) -> Nhân viên | J13: =VLOOKUP($B13,'1.2 HR-Data luong'!$A:$AD,'1.2 HR-Data luong'!H$5+1,0) -> C4 | K13: =VLOOKUP($B13,'1.2 HR-Data luong'!$A:$AD,'1.2 HR-Data luong'!I$5+1,0) -> CT | ... M13: =VLOOKUP($B13,'1.2 HR-Data luong'!$A:$AD,'1.2 HR-Data luong'!K$5+1,0) -> fnv@novaon.vn | N13: =VLOOKUP($D13,'1.2 HR-Data luong'!$B:$BG,'1.2 HR-Data luong'!BF$5,0) -> ON | O13: =VLOOKUP(D13,'3.1 ERP-MUC LUONG'!C:R,16,0) -> 7000000 | P13: =VLOOKUP(D13,'3.2 ERP-PC THAM NIEN'!C:AK,35,0) -> 490000 | Q13: =SUM(O13:P13) -> 7490000 | R13: =VLOOKUP(D13,'1.2 HR-Data luong'!B:AK,34,0) -> 0 | S13: =VLOOKUP(D13,'3.3 ERP-PC LAPTOP va PC BD'!C:O,13,0) -> 200000 | T13: =VLOOKUP(D13,'3.3 ERP-PC LAPTOP va PC BD'!C:T,18,0) -> 200000 | U13: 0 | V13: =VLOOKUP(D13,'1.2 HR-Data luong'!B:R,17,0) -> 22.5 | W13: =Q13/$V$4*V13 -> 7490000 | X13: =SUM(R13:U13)/$V$4*V13 -> 400000 | Y13: =VLOOKUP($D13,'2.2 KT-THUONG'!$C:$R,'2.2 KT-THUONG'!K$5,0) -> 300000 | Z13: =VLOOKUP($D13,'2.2 KT-THUONG'!$C:$R,'2.2 KT-THUONG'!L$5,0) -> 7000000 | AA13: =VLOOKUP($D13,'2.2 KT-THUONG'!$C:$R,'2.2 KT-THUONG'!M$5,0) -> 700000 | AB13: =VLOOKUP($D13,'2.2 KT-THUONG'!$C:$R,'2.2 KT-THUONG'!N$5,0) -> 0 | AC13: =VLOOKUP($D13,'2.2 KT-THUONG'!$C:$R,'2.2 KT-THUONG'!O$5,0) -> 70000000 | AD13: =VLOOKUP($D13,'2.2 KT-THUONG'!$C:$R,'2.2 KT-THUONG'!P$5,0) -> 0 | AE13: =VLOOKUP($D13,'2.2 KT-THUONG'!$C:$R,'2.2 KT-THUONG'!Q$5,0) -> 50000000 | AF13: =VLOOKUP($D13,'2.2 KT-THUONG'!$C:$R,'2.2 KT-THUONG'!R$5,0) -> 0 | AH13: =SUM(W13:AG13) -> 135890000 | AI13: =VLOOKUP(D13,'3.5 ERP-THUE TNCN'!C:AF,30,0) -> 16816500 | AJ13: =VLOOKUP(D13,'3.4 ERP-BHXH'!C:X,21,0) -> 735000 | AK13: =VLOOKUP(D13,'3.4 ERP-BHXH'!C:X,22,0) -> 70000 | AL13: =VLOOKUP($D13,'1.2 HR-Data luong'!$B:$BE,'1.2 HR-Data luong'!BE$5,0) -> 0 | AM13: =VLOOKUP($D13,'1.2 HR-Data luong'!$B:$BE,'1.2 HR-Data luong'!AM$5,0) -> 0 | AN13: =VLOOKUP($D13,'1.2 HR-Data luong'!$B:$BE,'1.2 HR-Data luong'!AN$5,0) -> 0 | AO13: =VLOOKUP(D13,'2.3 KT-GIAM TRU'!C:S,16,0) -> 0 | AP13: =VLOOKUP(D13,'2.3 KT-GIAM TRU'!C:S,15,0) -> 0 | AQ13: =AH13-SUM(AI13:AP13) -> 118268500 | AR13: =IF(N13="OFF",0,"X") -> X | AS13: =IF(AR13="X",AQ13,0) -> 118268500 | AT13: ADSHN170701 | BF13: =AQ13-SUM(AS13,AV13,AY13,BB13,BE13) -> 0 | BI13: =VLOOKUP(D13,'1.1 HR-Ho so nhan su'!B:AR,39,0) -> 2. TPB | BJ13: =VLOOKUP(D13,'1.1 HR-Ho so nhan su'!B:AR,40,0) -> TPB007 | BK13: =VLOOKUP(D13,'1.1 HR-Ho so nhan su'!B:AR,41,0) -> Nguyễn Văn G | BL13: =VLOOKUP(D13,'1.1 HR-Ho so nhan su'!B:AR,42,0) -> KHB | BM13: =VLOOKUP(D13,'1.1 HR-Ho so nhan su'!B:AR,43,0) -> HN | BN13: =VLOOKUP(D13,'1.1 HR-Ho so nhan su'!B:AS,44,0) -> 0
A14: 2017.07 | B14: 8 | C14: ADS | D14: =VLOOKUP($B14,'1.2 HR-Data luong'!$A:$AD,'1.2 HR-Data luong'!B$5+1,0) -> ADS08 | E14: =VLOOKUP($B14,'1.2 HR-Data luong'!$A:$AD,'1.2 HR-Data luong'!C$5+1,0) -> BD03 SG | F14: =VLOOKUP($B14,'1.2 HR-Data luong'!$A:$AD,'1.2 HR-Data luong'!D$5+1,0) -> NguyenVanH | G14: =VLOOKUP($B14,'1.2 HR-Data luong'!$A:$AD,'1.2 HR-Data luong'!E$5+1,0) -> Nguyễn Văn H | H14: =VLOOKUP($B14,'1.2 HR-Data luong'!$A:$AD,'1.2 HR-Data luong'!F$5+1,0) -> HCM | I14: =VLOOKUP($B14,'1.2 HR-Data luong'!$A:$AD,'1.2 HR-Data luong'!G$5+1,0) -> Nhân viên | J14: =VLOOKUP($B14,'1.2 HR-Data luong'!$A:$AD,'1.2 HR-Data luong'!H$5+1,0) -> S1 | K14: =VLOOKUP($B14,'1.2 HR-Data luong'!$A:$AD,'1.2 HR-Data luong'!I$5+1,0) -> CT | ... M14: =VLOOKUP($B14,'1.2 HR-Data luong'!$A:$AD,'1.2 HR-Data luong'!K$5+1,0) -> fnv@novaon.vn | N14: =VLOOKUP($D14,'1.2 HR-Data luong'!$B:$BG,'1.2 HR-Data luong'!BF$5,0) -> ON | O14: =VLOOKUP(D14,'3.1 ERP-MUC LUONG'!C:R,16,0) -> 9111111.1 | P14: =VLOOKUP(D14,'3.2 ERP-PC THAM NIEN'!C:AK,35,0) -> 775555.56 | Q14: =SUM(O14:P14) -> 9886666.7 | R14: =VLOOKUP(D14,'1.2 HR-Data luong'!B:AK,34,0) -> 0 | S14: =VLOOKUP(D14,'3.3 ERP-PC LAPTOP va PC BD'!C:O,13,0) -> 200000 | T14: =VLOOKUP(D14,'3.3 ERP-PC LAPTOP va PC BD'!C:T,18,0) -> 200000 | U14: 0 | V14: =VLOOKUP(D14,'1.2 HR-Data luong'!B:R,17,0) -> 22.5 | W14: =Q14/$V$4*V14 -> 9886666.7 | X14: =SUM(R14:U14)/$V$4*V14 -> 400000 | Y14: =VLOOKUP($D14,'2.2 KT-THUONG'!$C:$R,'2.2 KT-THUONG'!K$5,0) -> 300000 | Z14: =VLOOKUP($D14,'2.2 KT-THUONG'!$C:$R,'2.2 KT-THUONG'!L$5,0) -> 8000000 | AA14: =VLOOKUP($D14,'2.2 KT-THUONG'!$C:$R,'2.2 KT-THUONG'!M$5,0) -> 800000 | AB14: =VLOOKUP($D14,'2.2 KT-THUONG'!$C:$R,'2.2 KT-THUONG'!N$5,0) -> 0 | AC14: =VLOOKUP($D14,'2.2 KT-THUONG'!$C:$R,'2.2 KT-THUONG'!O$5,0) -> 80000000 | AD14: =VLOOKUP($D14,'2.2 KT-THUONG'!$C:$R,'2.2 KT-THUONG'!P$5,0) -> 0 | AE14: =VLOOKUP($D14,'2.2 KT-THUONG'!$C:$R,'2.2 KT-THUONG'!Q$5,0) -> 50000000 | AF14: =VLOOKUP($D14,'2.2 KT-THUONG'!$C:$R,'2.2 KT-THUONG'!R$5,0) -> 0 | AH14: =SUM(W14:AG14) -> 1.4938667e+08 | AI14: =VLOOKUP(D14,'3.5 ERP-THUE TNCN'!C:AF,30,0) -> 2000000 | AJ14: =VLOOKUP(D14,'3.4 ERP-BHXH'!C:X,21,0) -> 1050000 | AK14: =VLOOKUP(D14,'3.4 ERP-BHXH'!C:X,22,0) -> 100000 | AL14: =VLOOKUP($D14,'1.2 HR-Data luong'!$B:$BE,'1.2 HR-Data luong'!BE$5,0) -> 0 | AM14: =VLOOKUP($D14,'1.2 HR-Data luong'!$B:$BE,'1.2 HR-Data luong'!AM$5,0) -> 0 | AN14: =VLOOKUP($D14,'1.2 HR-Data luong'!$B:$BE,'1.2 HR-Data luong'!AN$5,0) -> 0 | AO14: =VLOOKUP(D14,'2.3 KT-GIAM TRU'!C:S,16,0) -> 0 | AP14: =VLOOKUP(D14,'2.3 KT-GIAM TRU'!C:S,15,0) -> 0 | AQ14: =AH14-SUM(AI14:AP14) -> 1.4623667e+08 | AR14: =IF(N14="OFF",0,"X") -> X | AS14: =IF(AR14="X",AQ14,0) -> 1.4623667e+08 | AT14: ADSHN170701 | BF14: =AQ14-SUM(AS14,AV14,AY14,BB14,BE14) -> 0 | BI14: =VLOOKUP(D14,'1.1 HR-Ho so nhan su'!B:AR,39,0) -> 2. TPB | BJ14: =VLOOKUP(D14,'1.1 HR-Ho so nhan su'!B:AR,40,0) -> TPB008 | BK14: =VLOOKUP(D14,'1.1 HR-Ho so nhan su'!B:AR,41,0) -> Nguyễn Văn H | BL14: =VLOOKUP(D14,'1.1 HR-Ho so nhan su'!B:AR,42,0) -> KHB | BM14: =VLOOKUP(D14,'1.1 HR-Ho so nhan su'!B:AR,43,0) -> HN | BN14: =VLOOKUP(D14,'1.1 HR-Ho so nhan su'!B:AS,44,0) -> 0
A15: 2017.07 | B15: 9 | C15: ADS | D15: =VLOOKUP($B15,'1.2 HR-Data luong'!$A:$AD,'1.2 HR-Data luong'!B$5+1,0) -> ADS09 | E15: =VLOOKUP($B15,'1.2 HR-Data luong'!$A:$AD,'1.2 HR-Data luong'!C$5+1,0) -> HR HN | F15: =VLOOKUP($B15,'1.2 HR-Data luong'!$A:$AD,'1.2 HR-Data luong'!D$5+1,0) -> NguyenVanI | G15: =VLOOKUP($B15,'1.2 HR-Data luong'!$A:$AD,'1.2 HR-Data luong'!E$5+1,0) -> Nguyễn Văn I | H15: =VLOOKUP($B15,'1.2 HR-Data luong'!$A:$AD,'1.2 HR-Data luong'!F$5+1,0) -> HN | I15: =VLOOKUP($B15,'1.2 HR-Data luong'!$A:$AD,'1.2 HR-Data luong'!G$5+1,0) -> Trưởng phòng | J15: =VLOOKUP($B15,'1.2 HR-Data luong'!$A:$AD,'1.2 HR-Data luong'!H$5+1,0) -> TP KPC | K15: =VLOOKUP($B15,'1.2 HR-Data luong'!$A:$AD,'1.2 HR-Data luong'!I$5+1,0) -> CT | ... M15: =VLOOKUP($B15,'1.2 HR-Data luong'!$A:$AD,'1.2 HR-Data luong'!K$5+1,0) -> bom@novaon.vn | N15: =VLOOKUP($D15,'1.2 HR-Data luong'!$B:$BG,'1.2 HR-Data luong'!BF$5,0) -> ON | O15: =VLOOKUP(D15,'3.1 ERP-MUC LUONG'!C:R,16,0) -> 9000000 | P15: =VLOOKUP(D15,'3.2 ERP-PC THAM NIEN'!C:AK,35,0) -> 810000 | Q15: =SUM(O15:P15) -> 9810000 | R15: =VLOOKUP(D15,'1.2 HR-Data luong'!B:AK,34,0) -> 0 | S15: =VLOOKUP(D15,'3.3 ERP-PC LAPTOP va PC BD'!C:O,13,0) -> 200000 | T15: =VLOOKUP(D15,'3.3 ERP-PC LAPTOP va PC BD'!C:T,18,0) -> 200000 | U15: 0 | V15: =VLOOKUP(D15,'1.2 HR-Data luong'!B:R,17,0) -> 22.5 | W15: =Q15/$V$4*V15 -> 9810000 | X15: =SUM(R15:U15)/$V$4*V15 -> 400000 | Y15: =VLOOKUP($D15,'2.2 KT-THUONG'!$C:$R,'2.2 KT-THUONG'!K$5,0) -> 300000 | Z15: =VLOOKUP($D15,'2.2 KT-THUONG'!$C:$R,'2.2 KT-THUONG'!L$5,0) -> 9000000 | AA15: =VLOOKUP($D15,'2.2 KT-THUONG'!$C:$R,'2.2 KT-THUONG'!M$5,0) -> 900000 | AB15: =VLOOKUP($D15,'2.2 KT-THUONG'!$C:$R,'2.2 KT-THUONG'!N$5,0) -> 0 | AC15: =VLOOKUP($D15,'2.2 KT-THUONG'!$C:$R,'2.2 KT-THUONG'!O$5,0) -> 90000000 | AD15: =VLOOKUP($D15,'2.2 KT-THUONG'!$C:$R,'2.2 KT-THUONG'!P$5,0) -> 0 | AE15: =VLOOKUP($D15,'2.2 KT-THUONG'!$C:$R,'2.2 KT-THUONG'!Q$5,0) -> 50000000 | AF15: =VLOOKUP($D15,'2.2 KT-THUONG'!$C:$R,'2.2 KT-THUONG'!R$5,0) -> 0 | AH15: =SUM(W15:AG15) -> 160410000 | AI15: =VLOOKUP(D15,'3.5 ERP-THUE TNCN'!C:AF,30,0) -> 23842750 | AJ15: =VLOOKUP(D15,'3.4 ERP-BHXH'!C:X,21,0) -> 945000 | AK15: =VLOOKUP(D15,'3.4 ERP-BHXH'!C:X,22,0) -> 90000 | AL15: =VLOOKUP($D15,'1.2 HR-Data luong'!$B:$BE,'1.2 HR-Data luong'!BE$5,0) -> 0 | AM15: =VLOOKUP($D15,'1.2 HR-Data luong'!$B:$BE,'1.2 HR-Data luong'!AM$5,0) -> 22000 | AN15: =VLOOKUP($D15,'1.2 HR-Data luong'!$B:$BE,'1.2 HR-Data luong'!AN$5,0) -> 0 | AO15: =VLOOKUP(D15,'2.3 KT-GIAM TRU'!C:S,16,0) -> 0 | AP15: =VLOOKUP(D15,'2.3 KT-GIAM TRU'!C:S,15,0) -> 0 | AQ15: =AH15-SUM(AI15:AP15) -> 135510250 | AR15: =IF(N15="OFF",0,"X") -> X | AS15: =IF(AR15="X",AQ15,0) -> 135510250 | AT15: ADSHN170701 | BF15: =AQ15-SUM(AS15,AV15,AY15,BB15,BE15) -> 0 | BI15: =VLOOKUP(D15,'1.1 HR-Ho so nhan su'!B:AR,39,0) -> 2. TPB | BJ15: =VLOOKUP(D15,'1.1 HR-Ho so nhan su'!B:AR,40,0) -> TPB009 | BK15: =VLOOKUP(D15,'1.1 HR-Ho so nhan su'!B:AR,41,0) -> Nguyễn Văn I | BL15: =VLOOKUP(D15,'1.1 HR-Ho so nhan su'!B:AR,42,0) -> KHB | BM15: =VLOOKUP(D15,'1.1 HR-Ho so nhan su'!B:AR,43,0) -> HN | BN15: =VLOOKUP(D15,'1.1 HR-Ho so nhan su'!B:AS,44,0) -> 0
A16: 2017.07 | B16: 10 | C16: ADS | D16: =VLOOKUP($B16,'1.2 HR-Data luong'!$A:$AD,'1.2 HR-Data luong'!B$5+1,0) -> ADS10 | E16: =VLOOKUP($B16,'1.2 HR-Data luong'!$A:$AD,'1.2 HR-Data luong'!C$5+1,0) -> HR HN | F16: =VLOOKUP($B16,'1.2 HR-Data luong'!$A:$AD,'1.2 HR-Data luong'!D$5+1,0) -> NguyenVanK | G16: =VLOOKUP($B16,'1.2 HR-Data luong'!$A:$AD,'1.2 HR-Data luong'!E$5+1,0) -> Nguyễn Văn K | H16: =VLOOKUP($B16,'1.2 HR-Data luong'!$A:$AD,'1.2 HR-Data luong'!F$5+1,0) -> HN | I16: =VLOOKUP($B16,'1.2 HR-Data luong'!$A:$AD,'1.2 HR-Data luong'!G$5+1,0) -> Nhân viên | J16: =VLOOKUP($B16,'1.2 HR-Data luong'!$A:$AD,'1.2 HR-Data luong'!H$5+1,0) -> C1 | K16: =VLOOKUP($B16,'1.2 HR-Data luong'!$A:$AD,'1.2 HR-Data luong'!I$5+1,0) -> CT | ... M16: =VLOOKUP($B16,'1.2 HR-Data luong'!$A:$AD,'1.2 HR-Data luong'!K$5+1,0) -> inv@novaon.vn | N16: =VLOOKUP($D16,'1.2 HR-Data luong'!$B:$BG,'1.2 HR-Data luong'!BF$5,0) -> ON | O16: =VLOOKUP(D16,'3.1 ERP-MUC LUONG'!C:R,16,0) -> 10000000 | P16: =VLOOKUP(D16,'3.2 ERP-PC THAM NIEN'!C:AK,35,0) -> 1000000 | Q16: =SUM(O16:P16) -> 11000000 | R16: =VLOOKUP(D16,'1.2 HR-Data luong'!B:AK,34,0) -> 0 | S16: =VLOOKUP(D16,'3.3 ERP-PC LAPTOP va PC BD'!C:O,13,0) -> 200000 | T16: =VLOOKUP(D16,'3.3 ERP-PC LAPTOP va PC BD'!C:T,18,0) -> 200000 | U16: 0 | V16: =VLOOKUP(D16,'1.2 HR-Data luong'!B:R,17,0) -> 22.5 | W16: =Q16/$V$4*V16 -> 11000000 | X16: =SUM(R16:U16)/$V$4*V16 -> 400000 | Y16: =VLOOKUP($D16,'2.2 KT-THUONG'!$C:$R,'2.2 KT-THUONG'!K$5,0) -> 300000 | Z16: =VLOOKUP($D16,'2.2 KT-THUONG'!$C:$R,'2.2 KT-THUONG'!L$5,0) -> 10000000 | AA16: =VLOOKUP($D16,'2.2 KT-THUONG'!$C:$R,'2.2 KT-THUONG'!M$5,0) -> 1000000 | AB16: =VLOOKUP($D16,'2.2 KT-THUONG'!$C:$R,'2.2 KT-THUONG'!N$5,0) -> 0 | AC16: =VLOOKUP($D16,'2.2 KT-THUONG'!$C:$R,'2.2 KT-THUONG'!O$5,0) -> 100000000 | AD16: =VLOOKUP($D16,'2.2 KT-THUONG'!$C:$R,'2.2 KT-THUONG'!P$5,0) -> 0 | AE16: =VLOOKUP($D16,'2.2 KT-THUONG'!$C:$R,'2.2 KT-THUONG'!Q$5,0) -> 50000000 | AF16: =VLOOKUP($D16,'2.2 KT-THUONG'!$C:$R,'2.2 KT-THUONG'!R$5,0) -> 0 | AH16: =SUM(W16:AG16) -> 172700000 | AI16: =VLOOKUP(D16,'3.5 ERP-THUE TNCN'!C:AF,30,0) -> 26847500 | AJ16: =VLOOKUP(D16,'3.4 ERP-BHXH'!C:X,21,0) -> 1050000 | AK16: =VLOOKUP(D16,'3.4 ERP-BHXH'!C:X,22,0) -> 100000 | AL16: =VLOOKUP($D16,'1.2 HR-Data luong'!$B:$BE,'1.2 HR-Data luong'!BE$5,0) -> 0 | AM16: =VLOOKUP($D16,'1.2 HR-Data luong'!$B:$BE,'1.2 HR-Data luong'!AM$5,0) -> 0 | AN16: =VLOOKUP($D16,'1.2 HR-Data luong'!$B:$BE,'1.2 HR-Data luong'!AN$5,0) -> 0 | AO16: =VLOOKUP(D16,'2.3 KT-GIAM TRU'!C:S,16,0) -> 0 | AP16: =VLOOKUP(D16,'2.3 KT-GIAM TRU'!C:S,15,0) -> 0 | AQ16: =AH16-SUM(AI16:AP16) -> 144702500 | AR16: =IF(N16="OFF",0,"X") -> X | AS16: =IF(AR16="X",AQ16,0) -> 144702500 | AT16: ADSHN170701 | BF16: =AQ16-SUM(AS16,AV16,AY16,BB16,BE16) -> 0 | BI16: =VLOOKUP(D16,'1.1 HR-Ho so nhan su'!B:AR,39,0) -> 2. TPB | BJ16: =VLOOKUP(D16,'1.1 HR-Ho so nhan su'!B:AR,40,0) -> TPB010 | BK16: =VLOOKUP(D16,'1.1 HR-Ho so nhan su'!B:AR,41,0) -> Nguyễn Văn K | BL16: =VLOOKUP(D16,'1.1 HR-Ho so nhan su'!B:AR,42,0) -> KHB | BM16: =VLOOKUP(D16,'1.1 HR-Ho so nhan su'!B:AR,43,0) -> HN | BN16: =VLOOKUP(D16,'1.1 HR-Ho so nhan su'!B:AS,44,0) -> 0

Sheet 4. ERP-BANG LUONG v2
B1: BẢNG LƯƠNG THÁNG: | E1: 7 | F1: NĂM | G1: 2017
B2: LỌC: | C2: Công ty: | F2: Chi nhánh: | H2: Phòng ban:
O3: Ẩn | P3: Ẩn | Q3: Ẩn | R3: Ẩn | S3: Ẩn | T3: Ẩn | U3: Ẩn | V3: Ẩn | W3: Ẩn | X3: Ẩn | Y3: Ẩn | Z3: Ẩn | AA3: Ẩn | AB3: Ẩn | AC3: Ẩn | AD3: Ẩn | AE3: Ẩn | AF3: Ẩn | AG3: Ẩn | AH3: Ẩn | AI3: Ẩn | AJ3: Ẩn | AK3: Ẩn | AL3: Ẩn | AM3: Ẩn | AN3: Ẩn | AO3: Ẩn | AP3: Hiện | AQ3: Hiện | AR3: Hiện | AS3: Hiện | AT3: Ẩn | AU3: Ẩn | AV3: Ẩn | AW3: Hiện | AX3: Ẩn | AY3: Ẩn | AZ3: Ẩn | BA3: Hiện | BB3: Ẩn | BC3: Hiện | BD3: Hiện | BE3: Hiện | BF3: Hiện | BG3: Hiện | BH3: Hiện | BI3: Hiện | BJ3: Hiện | BK3: Hiện | BL3: Hiện | BM3: Hiện | BN3: Hiện | BO3: Hiện | BP3: Ẩn | BQ3: Ẩn | BR3: Ẩn | BS3: Ẩn | BT3: Ẩn | BU3: Ẩn | BV3: Ẩn | BW3: Ẩn | BX3: Ẩn | BY3: Ẩn | BZ3: Ẩn | CA3: Ẩn | CB3: Ẩn | CC3: Ẩn | CD3: Ẩn | CE3: Ẩn | CF3: Ẩn | CG3: Ẩn | CH3: Ẩn | CI3: Ẩn | CJ3: Hiện | CK3: Ẩn | CL3: Ẩn | CM3: Ẩn | CN3: Ẩn | CO3: Ẩn | CP3: Ẩn | CQ3: Ẩn | CR3: Ẩn | CS3: Ẩn | CT3: Ẩn | CU3: Ẩn | CV3: Ẩn | CW3: Ẩn | CX3: Ẩn | CY3: Ẩn | CZ3: Ẩn | DA3: Ẩn | DB3: Ẩn | DC3: Hiện | DD3: Hiện | DE3: Hiện | DF3: Hiện | DG3: Hiện | DH3: Hiện | DI3: Hiện | DJ3: Hiện | DK3: Hiện | DL3: Hiện | DM3: Hiện | DN3: Hiện | DO3: Hiện | DP3: Hiện | DQ3: Hiện | DR3: Hiện | DS3: Hiện | DT3: Hiện | DU3: Hiện | DV3: Hiện | DW3: Hiện | DX3: Hiện | DY3: Hiện | DZ3: Hiện | EA3: Hiện | EB3: Hiện | EC3: Hiện | ED3: Hiện | EE3: Hiện | EF3: Hiện | EG3: Hiện
A4: THÁNG… | B4: TT | C4: Mã Công ty | D4: Mã NV | E4: Phòng | F4: HO TEN | G4: Họ tên | H4: VP | I4: Chức vụ | J4: Cấp bậc | K4: Loai HDLD | L4: Email | N4: Trạng thái | O4: MUC LUONG HUONG | S4: CHAM CONG | V4: Phụ cấp thâm niên | Z4: Công tính % thâm niên | AC4: Mức lương 1 | AD4: Tỷ lệ thâm niên 1 | AE4: Số ngày (1) | AF4: Mức lương 1 | AG4: Tỷ lệ thâm niên 2 | AH4: Số ngày (2) | AI4: Mức lương 2 | AJ4: Tỷ lệ thâm niên 1 | AK4: Số ngày (3) | AL4: Mức lương 2 | AM4: Tỷ lệ thâm niên 2 | AN4: Số ngày (4) | AO4: Mức thâm niên | AP4: Mức Lương | AR4: Tổng Mức Lg | AS4: Phụ cấp Lương | BC4: 22.5 | BD4: Lương theo Ngày công | BE4: Phụ cấp theo NC | BF4: Lương khác (Kế toán) | BN4: Tháng trước chuyển sang (không thuế) | BO4: TỔNG TIỀN LƯƠNG & PHỤ CẤP (bao gồm lương tháng trước) | BP4: Thu nhập không chịu thuế 1 | BT4: Thu nhập không chịu thuế 2 | BX4: Thu nhập không chịu thuế 3 | CB4: Giảm trừ gia cảnh | CF4: Thu nhập tính thuế | CG4: Thuế TNCN | CH4: Mức giảm trừ cố định (Kế toán) | CI4: Mức thuế cố định (Kế toán) | CJ4: Trừ | CK4: MUC DONG BHXH | CO4: Mức lương đóng BH | CP4: Công ty đóng | CT4: Nhân viên đóng | CY4: TỔNG | DC4: Trừ | DD4: Trừ | DE4: Trừ | DF4: Trừ | DG4: Trừ | DH4: Trừ | DI4: Trừ | DJ4: LƯƠNG THỰC LĨNH | DK4: THANH TOÁN LƯƠNG | DZ4: Ghi chú: KT nhập trước ghi gửi phiếu lương | EA4: Chọn gửi phiếu lương | EB4: Tài khoản
L5: Email cá nhân | M5: Email quản lý | O5: LUONG THANG TRUOC | P5: LUONG DIEU CHINH | Q5: NGAY DIEU CHINH | R5: NOI DUNG DIEU CHINH | S5: Trước điều chỉnh | T5: Sau điều chỉnh | U5: Tổng | V5: % được hưởng tháng trước | W5: % điều chỉnh | X5: Ngày điều chỉnh | Y5: Nội dung điều chỉnh | Z5: Trước điều chỉnh | AA5: Sau điều chỉnh | AB5: Tổng | AP5: Lương theo cấp bậc chức vụ | AQ5: Lương thâm niên | AS5: Phụ cấp | AT5: Mức hỗ trợ laptop | AU5: Số ngày hỗ trợ laptop | AV5: Công thực tế | AW5: Hỗ trợ Laptop | AX5: Mức hỗ trợ BD | AY5: Số ngày hỗ trợ BD | AZ5: Công thực tế | BA5: Phụ cấp BD | BB5: Phụ cấp khác […] (cột dự phòng) | BC5: Ngày công hưởng lương | BF5: Hỗ trợ xăng xe điện thoại | BG5: Thưởng MG | BH5: Thưởng hiệu quả công việc | BI5: Lương hiệu quả | BJ5: Lương tháng 13 | BK5: Thưởng có thuế khác […] | BL5: Thưởng KPI (không thuế) | BM5: Thưởng không thuế khác […] | BP5: Tiền ăn ca | BQ5: Ngày công | BR5: Công chuẩn | BS5: Tiền ăn ca theo ngày công | BT5: Thưởng KPI không chịu thuế | BU5: Thưởng không thuế khác […] | BV5: Lương tháng trước chuyển sang (không thuế) | BW5: Giảm trừ thu nhập chịu thuế (Kế toán) | BX5: BHXH | BY5: BHYT | BZ5: BHTN | CA5: […] Cột dự phòng | CB5: Giảm trừ bản thân | CC5: NPT | CD5: Giảm trừ gia cảnh | CE5: Tổng giảm trừ | CJ5: Thuế TNCN | CK5: LUONG THANG TRUOC | CL5: LUONG DIEU CHINH | CM5: NGAY DIEU CHINH | CN5: NOI DUNG DIEU CHINH | CP5: BHXH | CQ5: BHYT | CR5: BHTN | CS5: KPCD | CT5: BHXH | CU5: BHYT | CV5: BHTN | CW5: Tổng bảo hiểm trừ lương NV | CX5: KPCD | CY5: BHXH | CZ5: BHYT | DA5: BHTN | DB5: KPCD | DC5: Bảo hiểm phải đóng | DD5: Công đoàn | DE5: Quỹ văn hóa | DF5: Phạt hành chính | DG5: Phạt khác HCNS | DH5: Tạm ứng (kế toán) | DI5: Trừ khác (kế toán) | DK5: Chọn phát lương lần 1 | DL5: Phát lương lần 1 | DM5: Lệnh chuyển lương lần 1 | DN5: Chọn phát lương lần 2 | DO5: Phát lương lần 2 | DP5: Lệnh chuyển lương lần 2 | DQ5: Chọn phát lương lần 3 | DR5: Phát lương lần 3 | DS5: Lệnh chuyển lương lần 3 | DT5: […] | DU5: Phát lương lần 10 | DV5: Lệnh chuyển lương lần 10 | DW5: Chọn chuyển sang tháng sau | DX5: Chuyển sang tháng sau | DY5: Còn lại | EB5: Ngân hàng | EC5: Số tài khoản | ED5: Tên tài khoản | EE5: Mã chi nhánh | EF5: Chi nhánh | EG5: Ghi chú
BP6: ='2.1 KT-Update ty le'!B20 -> 600000 | CB6: ='2.1 KT-Update ty le'!B21 -> 9000000 | CD6: ='2.1 KT-Update ty le'!B22 -> 3600000 | CP6: ='2.1 KT-Update ty le'!B3 -> 0.175 | CQ6: ='2.1 KT-Update ty le'!B4 -> 0.03 | CR6: ='2.1 KT-Update ty le'!B5 -> 0.01 | CS6: ='2.1 KT-Update ty le'!B6 -> 0.02 | CT6: ='2.1 KT-Update ty le'!C3 -> 0.08 | CU6: ='2.1 KT-Update ty le'!C4 -> 0.015 | CV6: ='2.1 KT-Update ty le'!C5 -> 0.01 | CW6: =SUM(CT6:CV6) -> 0.105 | CX6: ='2.1 KT-Update ty le'!C6 -> 0.01 | CY6: =CP6+CT6 -> 0.255 | CZ6: =CQ6+CU6 -> 0.045 | DA6: =CR6+CV6 -> 0.02 | DB6: =CS6+CX6 -> 0.03
D7: 1 | E7: 2 | F7: 3 | G7: 4 | H7: 5 | I7: 6 | J7: 7 | K7: 8 | L7: 9 | M7: 10 | N7: 11 | O7: 12 | P7: 13 | Q7: 14 | R7: 15 | S7: 16 | T7: 17 | U7: 18 | V7: 19 | W7: 20 | X7: 21 | Y7: 22 | Z7: 23 | AA7: 24 | AB7: 25 | AC7: 26 | AD7: 27 | AE7: 28 | AF7: 29 | AG7: 30 | AH7: 31 | AI7: 32 | AJ7: 33 | AK7: 34 | AL7: 35 | AM7: 36 | AN7: 37 | AO7: 38 | AP7: 39 | AQ7: 40 | AR7: 41 | AS7: 42 | AT7: 43 | AU7: 44 | AV7: 45 | AW7: 46 | AX7: 47 | AY7: 48 | AZ7: 49 | BA7: 50 | BB7: 51 | BC7: 52 | BD7: 53 | BE7: 54 | BF7: 55 | BG7: 56 | BH7: 57 | BI7: 58 | BJ7: 59 | BK7: 60 | BL7: 61 | BM7: 62 | BN7: 63 | BO7: 64 | BP7: 65 | BQ7: 66 | BR7: 67 | BS7: 68 | BT7: 69 | BU7: 70 | BV7: 71 | BW7: 72 | BX7: 73 | BY7: 74 | BZ7: 75 | CA7: 76 | CB7: 77 | CC7: 78 | CD7: 79 | CE7: 80 | CF7: 81 | CG7: 82 | CH7: 83 | CI7: 84 | CJ7: 85 | CK7: 86 | CL7: 87 | CM7: 88 | CN7: 89 | CO7: 90 | CP7: 91 | CQ7: 92 | CR7: 93 | CS7: 94 | CT7: 95 | CU7: 96 | CV7: 97 | CW7: 98 | CX7: 99 | CY7: 100 | CZ7: 101 | DA7: 102 | DB7: 103 | DC7: 104 | DD7: 105 | DE7: 106 | DF7: 107 | DG7: 108 | DH7: 109 | DI7: 110 | DJ7: 111 | DK7: 112 | DL7: 113 | DM7: 114 | DN7: 115 | DO7: 116 | DP7: 117 | DQ7: 118 | DR7: 119 | DS7: 120 | DT7: 121 | DU7: 122 | DV7: 123 | DW7: 124 | DX7: 125 | DY7: 126 | DZ7: 127 | EA7: 128 | EB7: 129 | EC7: 130 | ED7: 131 | EE7: 132 | EF7: 133 | EG7: 134
A8: 2017.07 | B8: 1 | C8: ADS | D8: =VLOOKUP($B8,'1.2 HR-Data luong'!$A:$AD,'1.2 HR-Data luong'!B$5+1,0) -> ADS01 | E8: =VLOOKUP($B8,'1.2 HR-Data luong'!$A:$AD,'1.2 HR-Data luong'!C$5+1,0) -> BD01 HN | F8: =VLOOKUP($B8,'1.2 HR-Data luong'!$A:$AD,'1.2 HR-Data luong'!D$5+1,0) -> NguyenVanA | G8: =VLOOKUP($B8,'1.2 HR-Data luong'!$A:$AD,'1.2 HR-Data luong'!E$5+1,0) -> Nguyễn Văn A | H8: =VLOOKUP($B8,'1.2 HR-Data luong'!$A:$AD,'1.2 HR-Data luong'!F$5+1,0) -> HN | I8: =VLOOKUP($B8,'1.2 HR-Data luong'!$A:$AD,'1.2 HR-Data luong'!G$5+1,0) -> Trưởng phòng | J8: =VLOOKUP($B8,'1.2 HR-Data luong'!$A:$AD,'1.2 HR-Data luong'!H$5+1,0) -> TP C1 | K8: =VLOOKUP($B8,'1.2 HR-Data luong'!$A:$AD,'1.2 HR-Data luong'!I$5+1,0) -> CT | ... M8: =VLOOKUP($B8,'1.2 HR-Data luong'!$A:$AD,'1.2 HR-Data luong'!K$5+1,0) -> bom@novaon.vn | N8: =VLOOKUP($D8,'1.2 HR-Data luong'!$B:$BG,'1.2 HR-Data luong'!BF$5,0) -> ON | O8: =VLOOKUP($D8,'1.2 HR-Data luong'!$B:$BG,'1.2 HR-Data luong'!L$5,0) -> 1000000 | P8: =VLOOKUP($D8,'1.2 HR-Data luong'!$B:$BG,'1.2 HR-Data luong'!M$5,0) -> 5000000 | Q8: =VLOOKUP($D8,'1.2 HR-Data luong'!$B:$BG,'1.2 HR-Data luong'!N$5,0) -> 42919 | R8: =VLOOKUP($D8,'1.2 HR-Data luong'!$B:$BG,'1.2 HR-Data luong'!O$5,0) -> Tăng lương do tăng cấp | S8: =VLOOKUP($D8,'1.2 HR-Data luong'!$B:$BG,'1.2 HR-Data luong'!P$5,0) -> 4 | T8: =VLOOKUP($D8,'1.2 HR-Data luong'!$B:$BG,'1.2 HR-Data luong'!Q$5,0) -> 18.5 | U8: =VLOOKUP($D8,'1.2 HR-Data luong'!$B:$BG,'1.2 HR-Data luong'!R$5,0) -> 20.5 | V8: =VLOOKUP($D8,'1.2 HR-Data luong'!$B:$BG,'1.2 HR-Data luong'!W$5,0) -> 0.01 | W8: =VLOOKUP($D8,'1.2 HR-Data luong'!$B:$BG,'1.2 HR-Data luong'!X$5,0) -> 0.02 | X8: =VLOOKUP($D8,'1.2 HR-Data luong'!$B:$BG,'1.2 HR-Data luong'!Y$5,0) -> 42917 | Y8: =VLOOKUP($D8,'1.2 HR-Data luong'!$B:$BG,'1.2 HR-Data luong'!Z$5,0) -> Đủ 3 năm công tác | Z8: =VLOOKUP($D8,'1.2 HR-Data luong'!$B:$BG,'1.2 HR-Data luong'!AA$5,0) -> 2 | AA8: =VLOOKUP($D8,'1.2 HR-Data luong'!$B:$BG,'1.2 HR-Data luong'!AB$5,0) -> 20.5 | AB8: =VLOOKUP($D8,'1.2 HR-Data luong'!$B:$BG,'1.2 HR-Data luong'!AC$5,0) -> 22.5 | AC8: =O8 -> 1000000 | AD8: =V8 -> 0.01 | AE8: =MIN(S8,Z8) -> 2 | AF8: =AC8 -> 1000000 | AG8: =IF(X8>0,W8,V8) -> 0.02 | AH8: =MAX(0,S8-AE8) -> 2 | AI8: =P8 -> 5000000 | AJ8: =V8 -> 0.01 | AK8: =MAX(0,Z8-AE8) -> 0 | AL8: =P8 -> 5000000 | AM8: =IF(X8>0,W8,V8) -> 0.02 | AN8: =MAX(0,AA8-AH8) -> 18.5 | AO8: =(AC8*AD8*AE8+AF8*AG8*AH8+AI8*AJ8*AK8+AL8*AM8*AN8)/(AE8+AH8+AK8+AN8) -> 84888.889 | AP8: =(O8*S8+P8*T8)/U8 -> 4707317.1 | AQ8: =VLOOKUP(D8,'3.2 ERP-PC THAM NIEN'!C:AK,35,0) -> 84888.889 | AR8: =SUM(AP8:AQ8) -> 4792206 | AS8: =VLOOKUP(D8,'1.2 HR-Data luong'!B:AK,34,0) -> 0 | AT8: =VLOOKUP($D8,'1.2 HR-Data luong'!$B:$BG,'1.2 HR-Data luong'!AD$5,0) -> 200000 | AU8: =VLOOKUP($D8,'1.2 HR-Data luong'!$B:$BG,'1.2 HR-Data luong'!AE$5,0) -> 15 | AV8: =VLOOKUP($D8,'1.2 HR-Data luong'!B:R,'1.2 HR-Data luong'!R$5,0) -> 20.5 | AW8: =AT8*AU8/AV8 -> 146341.46 | AX8: =VLOOKUP($D8,'1.2 HR-Data luong'!$B:$BG,'1.2 HR-Data luong'!AF$5,0) -> 200000 | AY8: =VLOOKUP($D8,'1.2 HR-Data luong'!$B:$BG,'1.2 HR-Data luong'!AG$5,0) -> 15 | AZ8: =AV8 -> 20.5 | BA8: =AX8*AY8/AZ8 -> 146341.46 | BB8: 0 | BC8: =VLOOKUP(D8,'1.2 HR-Data luong'!B:R,17,0) -> 20.5 | BD8: =AR8/$BC$4*BC8 -> 4366232.1 | BE8: =SUM(AS8,AW8,BA8,BB8)/$BC$4*BC8 -> 266666.67 | BF8: =VLOOKUP($D8,'2.2 KT-THUONG'!$C:$R,'2.2 KT-THUONG'!K$5,0) -> 300000 | BG8: =VLOOKUP($D8,'2.2 KT-THUONG'!$C:$R,'2.2 KT-THUONG'!L$5,0) -> 1000000 | BH8: =VLOOKUP($D8,'2.2 KT-THUONG'!$C:$R,'2.2 KT-THUONG'!M$5,0) -> 100000 | BI8: =VLOOKUP($D8,'2.2 KT-THUONG'!$C:$R,'2.2 KT-THUONG'!N$5,0) -> 2000000 | BJ8: =VLOOKUP($D8,'2.2 KT-THUONG'!$C:$R,'2.2 KT-THUONG'!O$5,0) -> 10000000 | BK8: =VLOOKUP($D8,'2.2 KT-THUONG'!$C:$R,'2.2 KT-THUONG'!P$5,0) -> 0 | BL8: =VLOOKUP($D8,'2.2 KT-THUONG'!$C:$R,'2.2 KT-THUONG'!Q$5,0) -> 50000000 | BM8: =VLOOKUP($D8,'2.2 KT-THUONG'!$C:$R,'2.2 KT-THUONG'!R$5,0) -> 0 | BO8: =SUM(BD8:BN8) -> 68032899 | BP8: =$BP$6 -> 600000 | BQ8: =BC8 -> 20.5 | BR8: 22.5 | BS8: =BP8/BR8*BQ8 -> 546666.67 | BT8: =BL8 -> 50000000 | BU8: =BM8 -> 0 | BV8: =BN8 -> 0 | BW8: =VLOOKUP(D8,'2.3 KT-GIAM TRU'!C:U,17,0) -> 10000000 | BX8: =CT8 -> 80000 | BY8: =CU8 -> 15000 | BZ8: =CV8 -> 10000 | CB8: =IF(BQ8>0,$CB$6,0) -> 9000000 | CC8: =VLOOKUP(D8,'2.3 KT-GIAM TRU'!C:V,20,0) -> 0 | CD8: =CC8*$CD$6 -> 0 | CE8: =SUM(CB8,CD8) -> 9000000 | CF8: =MAX(0,BO8-SUM(BS8,BT8:BW8,BX8:CA8,CE8)) -> 0 | CG8: =IF(CF8>'2.1 KT-Update ty le'!$A$16,CF8*'2.1 KT-Update ty le'!$B$17-'2.1 KT-Update ty le'!$E$17,IF(CF8>'2.1 KT-Update ty le'!$A$15, CF8*'2.1 KT-Update ty le'!$B$16-'2.1 KT-Update ty le'!$E$16,IF(CF8>'2.1 KT-Update ty le'!$A$14, CF8*'2.1 KT-Update ty le'!$B$15-'2.1 KT-Update ty le'!$E$15,IF(CF8>'2.1 KT-Update ty le'!$A$13, CF8*'2.1 KT-Update ty le'!$B$14-'2.1 KT-Update ty le'!$E$14,IF(CF8>'2.1 KT-Update ty le'!$A$12, CF8*'2.1 KT-Update ty le'!$B$13-'2.1 KT-Update ty le'!$E$13,IF(CF8>'2.1 KT-Update ty le'!$A$11, CF8*'2.1 KT-Update ty le'!$B$12-'2.1 KT-Update ty le'!$E$12,IF(CF8>0, CF8*'2.1 KT-Update ty le'!$B$11,0))))))) -> 0 | CH8: =VLOOKUP(D8,'2.3 KT-GIAM TRU'!C:V,18,0) -> 0 | CI8: =VLOOKUP(D8,'2.3 KT-GIAM TRU'!C:V,19,0) -> 0 | CJ8: =IF(CI8>0,CI8,CG8-CH8) -> 0 | CK8: =VLOOKUP($D8,'1.2 HR-Data luong'!$B:$V,'1.2 HR-Data luong'!S$5,0) -> 1000000 | CL8: =VLOOKUP($D8,'1.2 HR-Data luong'!$B:$V,'1.2 HR-Data luong'!T$5,0) -> 0 | CM8: =VLOOKUP($D8,'1.2 HR-Data luong'!$B:$V,'1.2 HR-Data luong'!U$5,0) -> 0 | CN8: =VLOOKUP($D8,'1.2 HR-Data luong'!$B:$V,'1.2 HR-Data luong'!V$5,0) -> 0 | CO8: =IF(CM8>0,CL8,CK8) -> 1000000 | CP8: =$CO8*CP$6 -> 175000 | CQ8: =$CO8*CQ$6 -> 30000 | CR8: =$CO8*CR$6 -> 10000 | CS8: =$CO8*CS$6 -> 20000 | CT8: =$CO8*CT$6 -> 80000 | CU8: =$CO8*CU$6 -> 15000 | CV8: =$CO8*CV$6 -> 10000 | CW8: =$CO8*CW$6 -> 105000 | ... DB8: =$CO8*DB$6 -> 30000 | DC8: =CW8 -> 105000 | DD8: =CX8 -> 10000 | DE8: =VLOOKUP($D8,'1.2 HR-Data luong'!$B:$BE,'1.2 HR-Data luong'!BE$5,0) -> 0 | DF8: =VLOOKUP($D8,'1.2 HR-Data luong'!$B:$BE,'1.2 HR-Data luong'!AM$5,0) -> 0 | DG8: =VLOOKUP($D8,'1.2 HR-Data luong'!$B:$BE,'1.2 HR-Data luong'!AN$5,0) -> 0 | DH8: =VLOOKUP(D8,'2.3 KT-GIAM TRU'!C:S,16,0) -> 0 | DI8: =VLOOKUP(D8,'2.3 KT-GIAM TRU'!C:S,15,0) -> 0 | DJ8: =BO8-SUM(CJ8,DC8,DD8,DE8,DF8,DG8,DH8,DI8) -> 67917899 | DK8: =IF(N8="OFF",0,"X") -> X | DL8: =IF(DK8="X",DJ8,0) -> 67917899 | DM8: ADSHN170701 | DY8: =DJ8-SUM(DL8,DO8,DR8,DU8,DX8) -> 0 | EB8: =VLOOKUP(D8,'1.1 HR-Ho so nhan su'!B:AR,39,0) -> 2. TPB | EC8: =VLOOKUP(D8,'1.1 HR-Ho so nhan su'!B:AR,40,0) -> TPB001 | ED8: =VLOOKUP(D8,'1.1 HR-Ho so nhan su'!B:AR,41,0) -> Nguyễn Văn A | EE8: =VLOOKUP(D8,'1.1 HR-Ho so nhan su'!B:AR,42,0) -> KHB | EF8: =VLOOKUP(D8,'1.1 HR-Ho so nhan su'!B:AR,43,0) -> HN | EG8: =VLOOKUP(D8,'1.1 HR-Ho so nhan su'!B:AS,44,0) -> 0
A9: 2017.07 | B9: 2 | C9: ADS | D9: =VLOOKUP($B9,'1.2 HR-Data luong'!$A:$AD,'1.2 HR-Data luong'!B$5+1,0) -> ADS02 | E9: =VLOOKUP($B9,'1.2 HR-Data luong'!$A:$AD,'1.2 HR-Data luong'!C$5+1,0) -> BD01 HN | F9: =VLOOKUP($B9,'1.2 HR-Data luong'!$A:$AD,'1.2 HR-Data luong'!D$5+1,0) -> NguyenVanB | G9: =VLOOKUP($B9,'1.2 HR-Data luong'!$A:$AD,'1.2 HR-Data luong'!E$5+1,0) -> Nguyễn Văn B | H9: =VLOOKUP($B9,'1.2 HR-Data luong'!$A:$AD,'1.2 HR-Data luong'!F$5+1,0) -> HN | I9: =VLOOKUP($B9,'1.2 HR-Data luong'!$A:$AD,'1.2 HR-Data luong'!G$5+1,0) -> Nhân viên | J9: =VLOOKUP($B9,'1.2 HR-Data luong'!$A:$AD,'1.2 HR-Data luong'!H$5+1,0) -> C1 | K9: =VLOOKUP($B9,'1.2 HR-Data luong'!$A:$AD,'1.2 HR-Data luong'!I$5+1,0) -> CT | ... M9: =VLOOKUP($B9,'1.2 HR-Data luong'!$A:$AD,'1.2 HR-Data luong'!K$5+1,0) -> anv@novaon.vn | N9: =VLOOKUP($D9,'1.2 HR-Data luong'!$B:$BG,'1.2 HR-Data luong'!BF$5,0) -> OFF | O9: =VLOOKUP($D9,'1.2 HR-Data luong'!$B:$BG,'1.2 HR-Data luong'!L$5,0) -> 2000000 | P9: =VLOOKUP($D9,'1.2 HR-Data luong'!$B:$BG,'1.2 HR-Data luong'!M$5,0) -> 0 | Q9: =VLOOKUP($D9,'1.2 HR-Data luong'!$B:$BG,'1.2 HR-Data luong'!N$5,0) -> 0 | R9: =VLOOKUP($D9,'1.2 HR-Data luong'!$B:$BG,'1.2 HR-Data luong'!O$5,0) -> 0 | S9: =VLOOKUP($D9,'1.2 HR-Data luong'!$B:$BG,'1.2 HR-Data luong'!P$5,0) -> 22.5 | T9: =VLOOKUP($D9,'1.2 HR-Data luong'!$B:$BG,'1.2 HR-Data luong'!Q$5,0) -> 0 | U9: =VLOOKUP($D9,'1.2 HR-Data luong'!$B:$BG,'1.2 HR-Data luong'!R$5,0) -> 20.5 | V9: =VLOOKUP($D9,'1.2 HR-Data luong'!$B:$BG,'1.2 HR-Data luong'!W$5,0) -> 0.02 | W9: =VLOOKUP($D9,'1.2 HR-Data luong'!$B:$BG,'1.2 HR-Data luong'!X$5,0) -> 0 | X9: =VLOOKUP($D9,'1.2 HR-Data luong'!$B:$BG,'1.2 HR-Data luong'!Y$5,0) -> 0 | Y9: =VLOOKUP($D9,'1.2 HR-Data luong'!$B:$BG,'1.2 HR-Data luong'!Z$5,0) -> 0 | Z9: =VLOOKUP($D9,'1.2 HR-Data luong'!$B:$BG,'1.2 HR-Data luong'!AA$5,0) -> 22.5 | AA9: =VLOOKUP($D9,'1.2 HR-Data luong'!$B:$BG,'1.2 HR-Data luong'!AB$5,0) -> 0 | AB9: =VLOOKUP($D9,'1.2 HR-Data luong'!$B:$BG,'1.2 HR-Data luong'!AC$5,0) -> 22.5 | AC9: =O9 -> 2000000 | AD9: =V9 -> 0.02 | AE9: =MIN(S9,Z9) -> 22.5 | AF9: =AC9 -> 2000000 | AG9: =IF(X9>0,W9,V9) -> 0.02 | AH9: =MAX(0,S9-AE9) -> 0 | AI9: =P9 -> 0 | AJ9: =V9 -> 0.02 | AK9: =MAX(0,Z9-AE9) -> 0 | AL9: =P9 -> 0 | AM9: =IF(X9>0,W9,V9) -> 0.02 | AN9: =MAX(0,AA9-AH9) -> 0 | AO9: =(AC9*AD9*AE9+AF9*AG9*AH9+AI9*AJ9*AK9+AL9*AM9*AN9)/(AE9+AH9+AK9+AN9) -> 40000 | AP9: =(O9*S9+P9*T9)/U9 -> 2195122 | AQ9: =VLOOKUP(D9,'3.2 ERP-PC THAM NIEN'!C:AK,35,0) -> 40000 | AR9: =SUM(AP9:AQ9) -> 2235122 | AS9: =VLOOKUP(D9,'1.2 HR-Data luong'!B:AK,34,0) -> 0 | AT9: =VLOOKUP($D9,'1.2 HR-Data luong'!$B:$BG,'1.2 HR-Data luong'!AD$5,0) -> 200000 | AU9: =VLOOKUP($D9,'1.2 HR-Data luong'!$B:$BG,'1.2 HR-Data luong'!AE$5,0) -> 15 | AV9: =VLOOKUP($D9,'1.2 HR-Data luong'!B:R,'1.2 HR-Data luong'!R$5,0) -> 20.5 | AW9: =AT9*AU9/AV9 -> 146341.46 | AX9: =VLOOKUP($D9,'1.2 HR-Data luong'!$B:$BG,'1.2 HR-Data luong'!AF$5,0) -> 200000 | AY9: =VLOOKUP($D9,'1.2 HR-Data luong'!$B:$BG,'1.2 HR-Data luong'!AG$5,0) -> 15 | AZ9: =AV9 -> 20.5 | BA9: =AX9*AY9/AZ9 -> 146341.46 | BB9: 0 | BC9: =VLOOKUP(D9,'1.2 HR-Data luong'!B:R,17,0) -> 20.5 | BD9: =AR9/$BC$4*BC9 -> 2036444.4 | BE9: =SUM(AS9,AW9,BA9,BB9)/$BC$4*BC9 -> 266666.67 | BF9: =VLOOKUP($D9,'2.2 KT-THUONG'!$C:$R,'2.2 KT-THUONG'!K$5,0) -> 300000 | BG9: =VLOOKUP($D9,'2.2 KT-THUONG'!$C:$R,'2.2 KT-THUONG'!L$5,0) -> 2000000 | BH9: =VLOOKUP($D9,'2.2 KT-THUONG'!$C:$R,'2.2 KT-THUONG'!M$5,0) -> 200000 | BI9: =VLOOKUP($D9,'2.2 KT-THUONG'!$C:$R,'2.2 KT-THUONG'!N$5,0) -> 0 | BJ9: =VLOOKUP($D9,'2.2 KT-THUONG'!$C:$R,'2.2 KT-THUONG'!O$5,0) -> 20000000 | BK9: =VLOOKUP($D9,'2.2 KT-THUONG'!$C:$R,'2.2 KT-THUONG'!P$5,0) -> 0 | BL9: =VLOOKUP($D9,'2.2 KT-THUONG'!$C:$R,'2.2 KT-THUONG'!Q$5,0) -> 50000000 | BM9: =VLOOKUP($D9,'2.2 KT-THUONG'!$C:$R,'2.2 KT-THUONG'!R$5,0) -> 0 | BO9: =SUM(BD9:BN9) -> 74803111 | BP9: =$BP$6 -> 600000 | BQ9: =BC9 -> 20.5 | BR9: 22.5 | BS9: =BP9/BR9*BQ9 -> 546666.67 | BT9: =BL9 -> 50000000 | BU9: =BM9 -> 0 | BV9: =BN9 -> 0 | BW9: =VLOOKUP(D9,'2.3 KT-GIAM TRU'!C:U,17,0) -> 0 | BX9: =CT9 -> 160000 | BY9: =CU9 -> 30000 | BZ9: =CV9 -> 20000 | CB9: =IF(BQ9>0,$CB$6,0) -> 9000000 | CC9: =VLOOKUP(D9,'2.3 KT-GIAM TRU'!C:V,20,0) -> 0 | CD9: =CC9*$CD$6 -> 0 | CE9: =SUM(CB9,CD9) -> 9000000 | CF9: =MAX(0,BO9-SUM(BS9,BT9:BW9,BX9:CA9,CE9)) -> 15046444 | CG9: =IF(CF9>'2.1 KT-Update ty le'!$A$16,CF9*'2.1 KT-Update ty le'!$B$17-'2.1 KT-Update ty le'!$E$17,IF(CF9>'2.1 KT-Update ty le'!$A$15, CF9*'2.1 KT-Update ty le'!$B$16-'2.1 KT-Update ty le'!$E$16,IF(CF9>'2.1 KT-Update ty le'!$A$14, CF9*'2.1 KT-Update ty le'!$B$15-'2.1 KT-Update ty le'!$E$15,IF(CF9>'2.1 KT-Update ty le'!$A$13, CF9*'2.1 KT-Update ty le'!$B$14-'2.1 KT-Update ty le'!$E$14,IF(CF9>'2.1 KT-Update ty le'!$A$12, CF9*'2.1 KT-Update ty le'!$B$13-'2.1 KT-Update ty le'!$E$13,IF(CF9>'2.1 KT-Update ty le'!$A$11, CF9*'2.1 KT-Update ty le'!$B$12-'2.1 KT-Update ty le'!$E$12,IF(CF9>0, CF9*'2.1 KT-Update ty le'!$B$11,0))))))) -> 1506966.7 | CH9: =VLOOKUP(D9,'2.3 KT-GIAM TRU'!C:V,18,0) -> 0 | CI9: =VLOOKUP(D9,'2.3 KT-GIAM TRU'!C:V,19,0) -> 0 | CJ9: =IF(CI9>0,CI9,CG9-CH9) -> 1506966.7 | CK9: =VLOOKUP($D9,'1.2 HR-Data luong'!$B:$V,'1.2 HR-Data luong'!S$5,0) -> 2000000 | CL9: =VLOOKUP($D9,'1.2 HR-Data luong'!$B:$V,'1.2 HR-Data luong'!T$5,0) -> 0 | CM9: =VLOOKUP($D9,'1.2 HR-Data luong'!$B:$V,'1.2 HR-Data luong'!U$5,0) -> 0 | CN9: =VLOOKUP($D9,'1.2 HR-Data luong'!$B:$V,'1.2 HR-Data luong'!V$5,0) -> 0 | CO9: =IF(CM9>0,CL9,CK9) -> 2000000 | CP9: =$CO9*CP$6 -> 350000 | CQ9: =$CO9*CQ$6 -> 60000 | CR9: =$CO9*CR$6 -> 20000 | CS9: =$CO9*CS$6 -> 40000 | CT9: =$CO9*CT$6 -> 160000 | CU9: =$CO9*CU$6 -> 30000 | CV9: =$CO9*CV$6 -> 20000 | CW9: =$CO9*CW$6 -> 210000 | ... DB9: =$CO9*DB$6 -> 60000 | DC9: =CW9 -> 210000 | DD9: =CX9 -> 20000 | DE9: =VLOOKUP($D9,'1.2 HR-Data luong'!$B:$BE,'1.2 HR-Data luong'!BE$5,0) -> 0 | DF9: =VLOOKUP($D9,'1.2 HR-Data luong'!$B:$BE,'1.2 HR-Data luong'!AM$5,0) -> 0 | DG9: =VLOOKUP($D9,'1.2 HR-Data luong'!$B:$BE,'1.2 HR-Data luong'!AN$5,0) -> 1000000 | DH9: =VLOOKUP(D9,'2.3 KT-GIAM TRU'!C:S,16,0) -> 500000 | DI9: =VLOOKUP(D9,'2.3 KT-GIAM TRU'!C:S,15,0) -> 315000 | DJ9: =BO9-SUM(CJ9,DC9,DD9,DE9,DF9,DG9,DH9,DI9) -> 71251144 | DK9: =IF(N9="OFF",0,"X") -> 0 | DL9: =IF(DK9="X",DJ9,0) -> 0 | DN9: X | DO9: =DJ9-DL9 -> 71251144 | DP9: ADSHN170702 | DY9: =DJ9-SUM(DL9,DO9,DR9,DU9,DX9) -> 0 | EB9: =VLOOKUP(D9,'1.1 HR-Ho so nhan su'!B:AR,39,0) -> 2. TPB | EC9: =VLOOKUP(D9,'1.1 HR-Ho so nhan su'!B:AR,40,0) -> TPB002 | ED9: =VLOOKUP(D9,'1.1 HR-Ho so nhan su'!B:AR,41,0) -> Nguyễn Văn B | EE9: =VLOOKUP(D9,'1.1 HR-Ho so nhan su'!B:AR,42,0) -> KHB | EF9: =VLOOKUP(D9,'1.1 HR-Ho so nhan su'!B:AR,43,0) -> HN | EG9: =VLOOKUP(D9,'1.1 HR-Ho so nhan su'!B:AS,44,0) -> 0
A10: 2017.07 | B10: 3 | C10: ADS | D10: =VLOOKUP($B10,'1.2 HR-Data luong'!$A:$AD,'1.2 HR-Data luong'!B$5+1,0) -> ADS03 | E10: =VLOOKUP($B10,'1.2 HR-Data luong'!$A:$AD,'1.2 HR-Data luong'!C$5+1,0) -> BD02 HN | F10: =VLOOKUP($B10,'1.2 HR-Data luong'!$A:$AD,'1.2 HR-Data luong'!D$5+1,0) -> NguyenVanC | G10: =VLOOKUP($B10,'1.2 HR-Data luong'!$A:$AD,'1.2 HR-Data luong'!E$5+1,0) -> Nguyễn Văn C | H10: =VLOOKUP($B10,'1.2 HR-Data luong'!$A:$AD,'1.2 HR-Data luong'!F$5+1,0) -> HN | I10: =VLOOKUP($B10,'1.2 HR-Data luong'!$A:$AD,'1.2 HR-Data luong'!G$5+1,0) -> Trưởng phòng | J10: =VLOOKUP($B10,'1.2 HR-Data luong'!$A:$AD,'1.2 HR-Data luong'!H$5+1,0) -> TP C2 | K10: =VLOOKUP($B10,'1.2 HR-Data luong'!$A:$AD,'1.2 HR-Data luong'!I$5+1,0) -> CT | ... M10: =VLOOKUP($B10,'1.2 HR-Data luong'!$A:$AD,'1.2 HR-Data luong'!K$5+1,0) -> bom@novaon.vn | N10: =VLOOKUP($D10,'1.2 HR-Data luong'!$B:$BG,'1.2 HR-Data luong'!BF$5,0) -> ON | O10: =VLOOKUP($D10,'1.2 HR-Data luong'!$B:$BG,'1.2 HR-Data luong'!L$5,0) -> 3000000 | P10: =VLOOKUP($D10,'1.2 HR-Data luong'!$B:$BG,'1.2 HR-Data luong'!M$5,0) -> 0 | Q10: =VLOOKUP($D10,'1.2 HR-Data luong'!$B:$BG,'1.2 HR-Data luong'!N$5,0) -> 0 | R10: =VLOOKUP($D10,'1.2 HR-Data luong'!$B:$BG,'1.2 HR-Data luong'!O$5,0) -> 0 | S10: =VLOOKUP($D10,'1.2 HR-Data luong'!$B:$BG,'1.2 HR-Data luong'!P$5,0) -> 22.5 | T10: =VLOOKUP($D10,'1.2 HR-Data luong'!$B:$BG,'1.2 HR-Data luong'!Q$5,0) -> 0 | U10: =VLOOKUP($D10,'1.2 HR-Data luong'!$B:$BG,'1.2 HR-Data luong'!R$5,0) -> 20.5 | V10: =VLOOKUP($D10,'1.2 HR-Data luong'!$B:$BG,'1.2 HR-Data luong'!W$5,0) -> 0.03 | W10: =VLOOKUP($D10,'1.2 HR-Data luong'!$B:$BG,'1.2 HR-Data luong'!X$5,0) -> 0 | X10: =VLOOKUP($D10,'1.2 HR-Data luong'!$B:$BG,'1.2 HR-Data luong'!Y$5,0) -> 0 | Y10: =VLOOKUP($D10,'1.2 HR-Data luong'!$B:$BG,'1.2 HR-Data luong'!Z$5,0) -> 0 | Z10: =VLOOKUP($D10,'1.2 HR-Data luong'!$B:$BG,'1.2 HR-Data luong'!AA$5,0) -> 22.5 | AA10: =VLOOKUP($D10,'1.2 HR-Data luong'!$B:$BG,'1.2 HR-Data luong'!AB$5,0) -> 0 | AB10: =VLOOKUP($D10,'1.2 HR-Data luong'!$B:$BG,'1.2 HR-Data luong'!AC$5,0) -> 22.5 | AC10: =O10 -> 3000000 | AD10: =V10 -> 0.03 | AE10: =MIN(S10,Z10) -> 22.5 | AF10: =AC10 -> 3000000 | AG10: =IF(X10>0,W10,V10) -> 0.03 | AH10: =MAX(0,S10-AE10) -> 0 | AI10: =P10 -> 0 | AJ10: =V10 -> 0.03 | AK10: =MAX(0,Z10-AE10) -> 0 | AL10: =P10 -> 0 | AM10: =IF(X10>0,W10,V10) -> 0.03 | AN10: =MAX(0,AA10-AH10) -> 0 | AO10: =(AC10*AD10*AE10+AF10*AG10*AH10+AI10*AJ10*AK10+AL10*AM10*AN10)/(AE10+AH10+AK10+AN10) -> 90000 | AP10: =(O10*S10+P10*T10)/U10 -> 3292682.9 | AQ10: =VLOOKUP(D10,'3.2 ERP-PC THAM NIEN'!C:AK,35,0) -> 90000 | AR10: =SUM(AP10:AQ10) -> 3382682.9 | AS10: =VLOOKUP(D10,'1.2 HR-Data luong'!B:AK,34,0) -> 0 | AT10: =VLOOKUP($D10,'1.2 HR-Data luong'!$B:$BG,'1.2 HR-Data luong'!AD$5,0) -> 200000 | AU10: =VLOOKUP($D10,'1.2 HR-Data luong'!$B:$BG,'1.2 HR-Data luong'!AE$5,0) -> 15 | AV10: =VLOOKUP($D10,'1.2 HR-Data luong'!B:R,'1.2 HR-Data luong'!R$5,0) -> 20.5 | AW10: =AT10*AU10/AV10 -> 146341.46 | AX10: =VLOOKUP($D10,'1.2 HR-Data luong'!$B:$BG,'1.2 HR-Data luong'!AF$5,0) -> 200000 | AY10: =VLOOKUP($D10,'1.2 HR-Data luong'!$B:$BG,'1.2 HR-Data luong'!AG$5,0) -> 15 | AZ10: =AV10 -> 20.5 | BA10: =AX10*AY10/AZ10 -> 146341.46 | BB10: 0 | BC10: =VLOOKUP(D10,'1.2 HR-Data luong'!B:R,17,0) -> 20.5 | BD10: =AR10/$BC$4*BC10 -> 3082000 | BE10: =SUM(AS10,AW10,BA10,BB10)/$BC$4*BC10 -> 266666.67 | BF10: =VLOOKUP($D10,'2.2 KT-THUONG'!$C:$R,'2.2 KT-THUONG'!K$5,0) -> 300000 | BG10: =VLOOKUP($D10,'2.2 KT-THUONG'!$C:$R,'2.2 KT-THUONG'!L$5,0) -> 3000000 | BH10: =VLOOKUP($D10,'2.2 KT-THUONG'!$C:$R,'2.2 KT-THUONG'!M$5,0) -> 300000 | BI10: =VLOOKUP($D10,'2.2 KT-THUONG'!$C:$R,'2.2 KT-THUONG'!N$5,0) -> 0 | BJ10: =VLOOKUP($D10,'2.2 KT-THUONG'!$C:$R,'2.2 KT-THUONG'!O$5,0) -> 30000000 | BK10: =VLOOKUP($D10,'2.2 KT-THUONG'!$C:$R,'2.2 KT-THUONG'!P$5,0) -> 0 | BL10: =VLOOKUP($D10,'2.2 KT-THUONG'!$C:$R,'2.2 KT-THUONG'!Q$5,0) -> 50000000 | BM10: =VLOOKUP($D10,'2.2 KT-THUONG'!$C:$R,'2.2 KT-THUONG'!R$5,0) -> 0 | BO10: =SUM(BD10:BN10) -> 86948667 | BP10: =$BP$6 -> 600000 | BQ10: =BC10 -> 20.5 | BR10: 22.5 | BS10: =BP10/BR10*BQ10 -> 546666.67 | BT10: =BL10 -> 50000000 | BU10: =BM10 -> 0 | BV10: =BN10 -> 0 | BW10: =VLOOKUP(D10,'2.3 KT-GIAM TRU'!C:U,17,0) -> 0 | BX10: =CT10 -> 240000 | BY10: =CU10 -> 45000 | BZ10: =CV10 -> 30000 | CB10: =IF(BQ10>0,$CB$6,0) -> 9000000 | CC10: =VLOOKUP(D10,'2.3 KT-GIAM TRU'!C:V,20,0) -> 0 | CD10: =CC10*$CD$6 -> 0 | CE10: =SUM(CB10,CD10) -> 9000000 | CF10: =MAX(0,BO10-SUM(BS10,BT10:BW10,BX10:CA10,CE10)) -> 27087000 | CG10: =IF(CF10>'2.1 KT-Update ty le'!$A$16,CF10*'2.1 KT-Update ty le'!$B$17-'2.1 KT-Update ty le'!$E$17,IF(CF10>'2.1 KT-Update ty le'!$A$15, CF10*'2.1 KT-Update ty le'!$B$16-'2.1 KT-Update ty le'!$E$16,IF(CF10>'2.1 KT-Update ty le'!$A$14, CF10*'2.1 KT-Update ty le'!$B$15-'2.1 KT-Update ty le'!$E$15,IF(CF10>'2.1 KT-Update ty le'!$A$13, CF10*'2.1 KT-Update ty le'!$B$14-'2.1 KT-Update ty le'!$E$14,IF(CF10>'2.1 KT-Update ty le'!$A$12, CF10*'2.1 KT-Update ty le'!$B$13-'2.1 KT-Update ty le'!$E$13,IF(CF10>'2.1 KT-Update ty le'!$A$11, CF10*'2.1 KT-Update ty le'!$B$12-'2.1 KT-Update ty le'!$E$12,IF(CF10>0, CF10*'2.1 KT-Update ty le'!$B$11,0))))))) -> 3767400 | CH10: =VLOOKUP(D10,'2.3 KT-GIAM TRU'!C:V,18,0) -> 1000000 | CI10: =VLOOKUP(D10,'2.3 KT-GIAM TRU'!C:V,19,0) -> 0 | CJ10: =IF(CI10>0,CI10,CG10-CH10) -> 2767400 | CK10: =VLOOKUP($D10,'1.2 HR-Data luong'!$B:$V,'1.2 HR-Data luong'!S$5,0) -> 3000000 | CL10: =VLOOKUP($D10,'1.2 HR-Data luong'!$B:$V,'1.2 HR-Data luong'!T$5,0) -> 0 | CM10: =VLOOKUP($D10,'1.2 HR-Data luong'!$B:$V,'1.2 HR-Data luong'!U$5,0) -> 0 | CN10: =VLOOKUP($D10,'1.2 HR-Data luong'!$B:$V,'1.2 HR-Data luong'!V$5,0) -> 0 | CO10: =IF(CM10>0,CL10,CK10) -> 3000000 | CP10: =$CO10*CP$6 -> 525000 | CQ10: =$CO10*CQ$6 -> 90000 | CR10: =$CO10*CR$6 -> 30000 | CS10: =$CO10*CS$6 -> 60000 | CT10: =$CO10*CT$6 -> 240000 | CU10: =$CO10*CU$6 -> 45000 | CV10: =$CO10*CV$6 -> 30000 | CW10: =$CO10*CW$6 -> 315000 | ... DB10: =$CO10*DB$6 -> 90000 | DC10: =CW10 -> 315000 | DD10: =CX10 -> 30000 | DE10: =VLOOKUP($D10,'1.2 HR-Data luong'!$B:$BE,'1.2 HR-Data luong'!BE$5,0) -> 30000 | DF10: =VLOOKUP($D10,'1.2 HR-Data luong'!$B:$BE,'1.2 HR-Data luong'!AM$5,0) -> 0 | DG10: =VLOOKUP($D10,'1.2 HR-Data luong'!$B:$BE,'1.2 HR-Data luong'!AN$5,0) -> 0 | DH10: =VLOOKUP(D10,'2.3 KT-GIAM TRU'!C:S,16,0) -> 0 | DI10: =VLOOKUP(D10,'2.3 KT-GIAM TRU'!C:S,15,0) -> 0 | DJ10: =BO10-SUM(CJ10,DC10,DD10,DE10,DF10,DG10,DH10,DI10) -> 83806267 | DK10: 0 | DL10: =IF(DK10="X",DJ10,0) -> 0 | DW10: X | DX10: =DJ10-SUM(DL10,DO10,DR10,DU10) -> 83806267 | DY10: =DJ10-SUM(DL10,DO10,DR10,DU10,DX10) -> 0 | EB10: =VLOOKUP(D10,'1.1 HR-Ho so nhan su'!B:AR,39,0) -> 2. TPB | EC10: =VLOOKUP(D10,'1.1 HR-Ho so nhan su'!B:AR,40,0) -> TPB003 | ED10: =VLOOKUP(D10,'1.1 HR-Ho so nhan su'!B:AR,41,0) -> Nguyễn Văn C | EE10: =VLOOKUP(D10,'1.1 HR-Ho so nhan su'!B:AR,42,0) -> KHB | EF10: =VLOOKUP(D10,'1.1 HR-Ho so nhan su'!B:AR,43,0) -> HN | EG10: =VLOOKUP(D10,'1.1 HR-Ho so nhan su'!B:AS,44,0) -> 0
A11: 2017.07 | B11: 4 | C11: ADS | D11: =VLOOKUP($B11,'1.2 HR-Data luong'!$A:$AD,'1.2 HR-Data luong'!B$5+1,0) -> ADS04 | E11: =VLOOKUP($B11,'1.2 HR-Data luong'!$A:$AD,'1.2 HR-Data luong'!C$5+1,0) -> BD02 HN | F11: =VLOOKUP($B11,'1.2 HR-Data luong'!$A:$AD,'1.2 HR-Data luong'!D$5+1,0) -> NguyenVanD | G11: =VLOOKUP($B11,'1.2 HR-Data luong'!$A:$AD,'1.2 HR-Data luong'!E$5+1,0) -> Nguyễn Văn D | H11: =VLOOKUP($B11,'1.2 HR-Data luong'!$A:$AD,'1.2 HR-Data luong'!F$5+1,0) -> HN | I11: =VLOOKUP($B11,'1.2 HR-Data luong'!$A:$AD,'1.2 HR-Data luong'!G$5+1,0) -> Nhân viên | J11: =VLOOKUP($B11,'1.2 HR-Data luong'!$A:$AD,'1.2 HR-Data luong'!H$5+1,0) -> C2 | K11: =VLOOKUP($B11,'1.2 HR-Data luong'!$A:$AD,'1.2 HR-Data luong'!I$5+1,0) -> CT | ... M11: =VLOOKUP($B11,'1.2 HR-Data luong'!$A:$AD,'1.2 HR-Data luong'!K$5+1,0) -> cnv@novaon.vn | N11: =VLOOKUP($D11,'1.2 HR-Data luong'!$B:$BG,'1.2 HR-Data luong'!BF$5,0) -> ON | O11: =VLOOKUP($D11,'1.2 HR-Data luong'!$B:$BG,'1.2 HR-Data luong'!L$5,0) -> 4000000 | P11: =VLOOKUP($D11,'1.2 HR-Data luong'!$B:$BG,'1.2 HR-Data luong'!M$5,0) -> 0 | Q11: =VLOOKUP($D11,'1.2 HR-Data luong'!$B:$BG,'1.2 HR-Data luong'!N$5,0) -> 0 | R11: =VLOOKUP($D11,'1.2 HR-Data luong'!$B:$BG,'1.2 HR-Data luong'!O$5,0) -> 0 | S11: =VLOOKUP($D11,'1.2 HR-Data luong'!$B:$BG,'1.2 HR-Data luong'!P$5,0) -> 22.5 | T11: =VLOOKUP($D11,'1.2 HR-Data luong'!$B:$BG,'1.2 HR-Data luong'!Q$5,0) -> 0 | U11: =VLOOKUP($D11,'1.2 HR-Data luong'!$B:$BG,'1.2 HR-Data luong'!R$5,0) -> 20.5 | V11: =VLOOKUP($D11,'1.2 HR-Data luong'!$B:$BG,'1.2 HR-Data luong'!W$5,0) -> 0.04 | W11: =VLOOKUP($D11,'1.2 HR-Data luong'!$B:$BG,'1.2 HR-Data luong'!X$5,0) -> 0 | X11: =VLOOKUP($D11,'1.2 HR-Data luong'!$B:$BG,'1.2 HR-Data luong'!Y$5,0) -> 0 | Y11: =VLOOKUP($D11,'1.2 HR-Data luong'!$B:$BG,'1.2 HR-Data luong'!Z$5,0) -> 0 | Z11: =VLOOKUP($D11,'1.2 HR-Data luong'!$B:$BG,'1.2 HR-Data luong'!AA$5,0) -> 22.5 | AA11: =VLOOKUP($D11,'1.2 HR-Data luong'!$B:$BG,'1.2 HR-Data luong'!AB$5,0) -> 0 | AB11: =VLOOKUP($D11,'1.2 HR-Data luong'!$B:$BG,'1.2 HR-Data luong'!AC$5,0) -> 22.5 | AC11: =O11 -> 4000000 | AD11: =V11 -> 0.04 | AE11: =MIN(S11,Z11) -> 22.5 | AF11: =AC11 -> 4000000 | AG11: =IF(X11>0,W11,V11) -> 0.04 | AH11: =MAX(0,S11-AE11) -> 0 | AI11: =P11 -> 0 | AJ11: =V11 -> 0.04 | AK11: =MAX(0,Z11-AE11) -> 0 | AL11: =P11 -> 0 | AM11: =IF(X11>0,W11,V11) -> 0.04 | AN11: =MAX(0,AA11-AH11) -> 0 | AO11: =(AC11*AD11*AE11+AF11*AG11*AH11+AI11*AJ11*AK11+AL11*AM11*AN11)/(AE11+AH11+AK11+AN11) -> 160000 | AP11: =(O11*S11+P11*T11)/U11 -> 4390243.9 | AQ11: =VLOOKUP(D11,'3.2 ERP-PC THAM NIEN'!C:AK,35,0) -> 160000 | AR11: =SUM(AP11:AQ11) -> 4550243.9 | AS11: =VLOOKUP(D11,'1.2 HR-Data luong'!B:AK,34,0) -> 0 | AT11: =VLOOKUP($D11,'1.2 HR-Data luong'!$B:$BG,'1.2 HR-Data luong'!AD$5,0) -> 200000 | AU11: =VLOOKUP($D11,'1.2 HR-Data luong'!$B:$BG,'1.2 HR-Data luong'!AE$5,0) -> 15 | AV11: =VLOOKUP($D11,'1.2 HR-Data luong'!B:R,'1.2 HR-Data luong'!R$5,0) -> 20.5 | AW11: =AT11*AU11/AV11 -> 146341.46 | AX11: =VLOOKUP($D11,'1.2 HR-Data luong'!$B:$BG,'1.2 HR-Data luong'!AF$5,0) -> 200000 | AY11: =VLOOKUP($D11,'1.2 HR-Data luong'!$B:$BG,'1.2 HR-Data luong'!AG$5,0) -> 15 | AZ11: =AV11 -> 20.5 | BA11: =AX11*AY11/AZ11 -> 146341.46 | BB11: 0 | BC11: =VLOOKUP(D11,'1.2 HR-Data luong'!B:R,17,0) -> 20.5 | BD11: =AR11/$BC$4*BC11 -> 4145777.8 | BE11: =SUM(AS11,AW11,BA11,BB11)/$BC$4*BC11 -> 266666.67 | BF11: =VLOOKUP($D11,'2.2 KT-THUONG'!$C:$R,'2.2 KT-THUONG'!K$5,0) -> 300000 | BG11: =VLOOKUP($D11,'2.2 KT-THUONG'!$C:$R,'2.2 KT-THUONG'!L$5,0) -> 4000000 | BH11: =VLOOKUP($D11,'2.2 KT-THUONG'!$C:$R,'2.2 KT-THUONG'!M$5,0) -> 400000 | BI11: =VLOOKUP($D11,'2.2 KT-THUONG'!$C:$R,'2.2 KT-THUONG'!N$5,0) -> 0 | BJ11: =VLOOKUP($D11,'2.2 KT-THUONG'!$C:$R,'2.2 KT-THUONG'!O$5,0) -> 40000000 | BK11: =VLOOKUP($D11,'2.2 KT-THUONG'!$C:$R,'2.2 KT-THUONG'!P$5,0) -> 0 | BL11: =VLOOKUP($D11,'2.2 KT-THUONG'!$C:$R,'2.2 KT-THUONG'!Q$5,0) -> 50000000 | BM11: =VLOOKUP($D11,'2.2 KT-THUONG'!$C:$R,'2.2 KT-THUONG'!R$5,0) -> 0 | BO11: =SUM(BD11:BN11) -> 99112444 | BP11: =$BP$6 -> 600000 | BQ11: =BC11 -> 20.5 | BR11: 22.5 | BS11: =BP11/BR11*BQ11 -> 546666.67 | BT11: =BL11 -> 50000000 | BU11: =BM11 -> 0 | BV11: =BN11 -> 0 | BW11: =VLOOKUP(D11,'2.3 KT-GIAM TRU'!C:U,17,0) -> 0 | BX11: =CT11 -> 320000 | BY11: =CU11 -> 60000 | BZ11: =CV11 -> 40000 | CB11: =IF(BQ11>0,$CB$6,0) -> 9000000 | CC11: =VLOOKUP(D11,'2.3 KT-GIAM TRU'!C:V,20,0) -> 0 | CD11: =CC11*$CD$6 -> 0 | CE11: =SUM(CB11,CD11) -> 9000000 | CF11: =MAX(0,BO11-SUM(BS11,BT11:BW11,BX11:CA11,CE11)) -> 39145778 | CG11: =IF(CF11>'2.1 KT-Update ty le'!$A$16,CF11*'2.1 KT-Update ty le'!$B$17-'2.1 KT-Update ty le'!$E$17,IF(CF11>'2.1 KT-Update ty le'!$A$15, CF11*'2.1 KT-Update ty le'!$B$16-'2.1 KT-Update ty le'!$E$16,IF(CF11>'2.1 KT-Update ty le'!$A$14, CF11*'2.1 KT-Update ty le'!$B$15-'2.1 KT-Update ty le'!$E$15,IF(CF11>'2.1 KT-Update ty le'!$A$13, CF11*'2.1 KT-Update ty le'!$B$14-'2.1 KT-Update ty le'!$E$14,IF(CF11>'2.1 KT-Update ty le'!$A$12, CF11*'2.1 KT-Update ty le'!$B$13-'2.1 KT-Update ty le'!$E$13,IF(CF11>'2.1 KT-Update ty le'!$A$11, CF11*'2.1 KT-Update ty le'!$B$12-'2.1 KT-Update ty le'!$E$12,IF(CF11>0, CF11*'2.1 KT-Update ty le'!$B$11,0))))))) -> 6536444.4 | CH11: =VLOOKUP(D11,'2.3 KT-GIAM TRU'!C:V,18,0) -> 0 | CI11: =VLOOKUP(D11,'2.3 KT-GIAM TRU'!C:V,19,0) -> 0 | CJ11: =IF(CI11>0,CI11,CG11-CH11) -> 6536444.4 | CK11: =VLOOKUP($D11,'1.2 HR-Data luong'!$B:$V,'1.2 HR-Data luong'!S$5,0) -> 4000000 | CL11: =VLOOKUP($D11,'1.2 HR-Data luong'!$B:$V,'1.2 HR-Data luong'!T$5,0) -> 0 | CM11: =VLOOKUP($D11,'1.2 HR-Data luong'!$B:$V,'1.2 HR-Data luong'!U$5,0) -> 0 | CN11: =VLOOKUP($D11,'1.2 HR-Data luong'!$B:$V,'1.2 HR-Data luong'!V$5,0) -> 0 | CO11: =IF(CM11>0,CL11,CK11) -> 4000000 | CP11: =$CO11*CP$6 -> 700000 | CQ11: =$CO11*CQ$6 -> 120000 | CR11: =$CO11*CR$6 -> 40000 | CS11: =$CO11*CS$6 -> 80000 | CT11: =$CO11*CT$6 -> 320000 | CU11: =$CO11*CU$6 -> 60000 | CV11: =$CO11*CV$6 -> 40000 | CW11: =$CO11*CW$6 -> 420000 | ... DB11: =$CO11*DB$6 -> 120000 | DC11: =CW11 -> 420000 | DD11: =CX11 -> 40000 | DE11: =VLOOKUP($D11,'1.2 HR-Data luong'!$B:$BE,'1.2 HR-Data luong'!BE$5,0) -> 0 | DF11: =VLOOKUP($D11,'1.2 HR-Data luong'!$B:$BE,'1.2 HR-Data luong'!AM$5,0) -> 0 | DG11: =VLOOKUP($D11,'1.2 HR-Data luong'!$B:$BE,'1.2 HR-Data luong'!AN$5,0) -> 0 | DH11: =VLOOKUP(D11,'2.3 KT-GIAM TRU'!C:S,16,0) -> 0 | DI11: =VLOOKUP(D11,'2.3 KT-GIAM TRU'!C:S,15,0) -> 0 | DJ11: =BO11-SUM(CJ11,DC11,DD11,DE11,DF11,DG11,DH11,DI11) -> 92116000 | DK11: =IF(N11="OFF",0,"X") -> X | DL11: =IF(DK11="X",DJ11,0) -> 92116000 | DM11: ADSHN170701 | DY11: =DJ11-SUM(DL11,DO11,DR11,DU11,DX11) -> 0 | EB11: =VLOOKUP(D11,'1.1 HR-Ho so nhan su'!B:AR,39,0) -> 2. TPB | EC11: =VLOOKUP(D11,'1.1 HR-Ho so nhan su'!B:AR,40,0) -> TPB004 | ED11: =VLOOKUP(D11,'1.1 HR-Ho so nhan su'!B:AR,41,0) -> Nguyễn Văn D | EE11: =VLOOKUP(D11,'1.1 HR-Ho so nhan su'!B:AR,42,0) -> KHB | EF11: =VLOOKUP(D11,'1.1 HR-Ho so nhan su'!B:AR,43,0) -> HN | EG11: =VLOOKUP(D11,'1.1 HR-Ho so nhan su'!B:AS,44,0) -> 0
A12: 2017.07 | B12: 5 | C12: ADS | D12: =VLOOKUP($B12,'1.2 HR-Data luong'!$A:$AD,'1.2 HR-Data luong'!B$5+1,0) -> ADS05 | E12: =VLOOKUP($B12,'1.2 HR-Data luong'!$A:$AD,'1.2 HR-Data luong'!C$5+1,0) -> BD02 HN | F12: =VLOOKUP($B12,'1.2 HR-Data luong'!$A:$AD,'1.2 HR-Data luong'!D$5+1,0) -> NguyenVanE | G12: =VLOOKUP($B12,'1.2 HR-Data luong'!$A:$AD,'1.2 HR-Data luong'!E$5+1,0) -> Nguyễn Văn E | H12: =VLOOKUP($B12,'1.2 HR-Data luong'!$A:$AD,'1.2 HR-Data luong'!F$5+1,0) -> HN | I12: =VLOOKUP($B12,'1.2 HR-Data luong'!$A:$AD,'1.2 HR-Data luong'!G$5+1,0) -> Nhân viên | J12: =VLOOKUP($B12,'1.2 HR-Data luong'!$A:$AD,'1.2 HR-Data luong'!H$5+1,0) -> C3 | K12: =VLOOKUP($B12,'1.2 HR-Data luong'!$A:$AD,'1.2 HR-Data luong'!I$5+1,0) -> CT | ... M12: =VLOOKUP($B12,'1.2 HR-Data luong'!$A:$AD,'1.2 HR-Data luong'!K$5+1,0) -> cnv@novaon.vn | N12: =VLOOKUP($D12,'1.2 HR-Data luong'!$B:$BG,'1.2 HR-Data luong'!BF$5,0) -> ON | O12: =VLOOKUP($D12,'1.2 HR-Data luong'!$B:$BG,'1.2 HR-Data luong'!L$5,0) -> 5000000 | P12: =VLOOKUP($D12,'1.2 HR-Data luong'!$B:$BG,'1.2 HR-Data luong'!M$5,0) -> 10000000 | Q12: =VLOOKUP($D12,'1.2 HR-Data luong'!$B:$BG,'1.2 HR-Data luong'!N$5,0) -> 42917 | R12: =VLOOKUP($D12,'1.2 HR-Data luong'!$B:$BG,'1.2 HR-Data luong'!O$5,0) -> Tăng lương do tăng cấp | S12: =VLOOKUP($D12,'1.2 HR-Data luong'!$B:$BG,'1.2 HR-Data luong'!P$5,0) -> 2 | T12: =VLOOKUP($D12,'1.2 HR-Data luong'!$B:$BG,'1.2 HR-Data luong'!Q$5,0) -> 20.5 | U12: =VLOOKUP($D12,'1.2 HR-Data luong'!$B:$BG,'1.2 HR-Data luong'!R$5,0) -> 20.5 | V12: =VLOOKUP($D12,'1.2 HR-Data luong'!$B:$BG,'1.2 HR-Data luong'!W$5,0) -> 0.05 | W12: =VLOOKUP($D12,'1.2 HR-Data luong'!$B:$BG,'1.2 HR-Data luong'!X$5,0) -> 0.06 | X12: =VLOOKUP($D12,'1.2 HR-Data luong'!$B:$BG,'1.2 HR-Data luong'!Y$5,0) -> 42916 | Y12: =VLOOKUP($D12,'1.2 HR-Data luong'!$B:$BG,'1.2 HR-Data luong'!Z$5,0) -> Đủ 3 năm công tác | Z12: =VLOOKUP($D12,'1.2 HR-Data luong'!$B:$BG,'1.2 HR-Data luong'!AA$5,0) -> 1 | AA12: =VLOOKUP($D12,'1.2 HR-Data luong'!$B:$BG,'1.2 HR-Data luong'!AB$5,0) -> 21.5 | AB12: =VLOOKUP($D12,'1.2 HR-Data luong'!$B:$BG,'1.2 HR-Data luong'!AC$5,0) -> 22.5 | AC12: =O12 -> 5000000 | AD12: =V12 -> 0.05 | AE12: =MIN(S12,Z12) -> 1 | AF12: =AC12 -> 5000000 | AG12: =IF(X12>0,W12,V12) -> 0.06 | AH12: =MAX(0,S12-AE12) -> 1 | AI12: =P12 -> 10000000 | AJ12: =V12 -> 0.05 | AK12: =MAX(0,Z12-AE12) -> 0 | AL12: =P12 -> 10000000 | AM12: =IF(X12>0,W12,V12) -> 0.06 | AN12: =MAX(0,AA12-AH12) -> 20.5 | AO12: =(AC12*AD12*AE12+AF12*AG12*AH12+AI12*AJ12*AK12+AL12*AM12*AN12)/(AE12+AH12+AK12+AN12) -> 571111.11 | AP12: =(O12*S12+P12*T12)/U12 -> 10487805 | AQ12: =VLOOKUP(D12,'3.2 ERP-PC THAM NIEN'!C:AK,35,0) -> 571111.11 | AR12: =SUM(AP12:AQ12) -> 11058916 | AS12: =VLOOKUP(D12,'1.2 HR-Data luong'!B:AK,34,0) -> 0 | AT12: =VLOOKUP($D12,'1.2 HR-Data luong'!$B:$BG,'1.2 HR-Data luong'!AD$5,0) -> 200000 | AU12: =VLOOKUP($D12,'1.2 HR-Data luong'!$B:$BG,'1.2 HR-Data luong'!AE$5,0) -> 22.5 | AV12: =VLOOKUP($D12,'1.2 HR-Data luong'!B:R,'1.2 HR-Data luong'!R$5,0) -> 20.5 | AW12: =AT12*AU12/AV12 -> 219512.2 | AX12: =VLOOKUP($D12,'1.2 HR-Data luong'!$B:$BG,'1.2 HR-Data luong'!AF$5,0) -> 200000 | AY12: =VLOOKUP($D12,'1.2 HR-Data luong'!$B:$BG,'1.2 HR-Data luong'!AG$5,0) -> 22.5 | AZ12: =AV12 -> 20.5 | BA12: =AX12*AY12/AZ12 -> 219512.2 | BB12: 0 | BC12: =VLOOKUP(D12,'1.2 HR-Data luong'!B:R,17,0) -> 20.5 | BD12: =AR12/$BC$4*BC12 -> 10075901 | BE12: =SUM(AS12,AW12,BA12,BB12)/$BC$4*BC12 -> 400000 | BF12: =VLOOKUP($D12,'2.2 KT-THUONG'!$C:$R,'2.2 KT-THUONG'!K$5,0) -> 300000 | BG12: =VLOOKUP($D12,'2.2 KT-THUONG'!$C:$R,'2.2 KT-THUONG'!L$5,0) -> 5000000 | BH12: =VLOOKUP($D12,'2.2 KT-THUONG'!$C:$R,'2.2 KT-THUONG'!M$5,0) -> 500000 | BI12: =VLOOKUP($D12,'2.2 KT-THUONG'!$C:$R,'2.2 KT-THUONG'!N$5,0) -> 0 | BJ12: =VLOOKUP($D12,'2.2 KT-THUONG'!$C:$R,'2.2 KT-THUONG'!O$5,0) -> 50000000 | BK12: =VLOOKUP($D12,'2.2 KT-THUONG'!$C:$R,'2.2 KT-THUONG'!P$5,0) -> 0 | BL12: =VLOOKUP($D12,'2.2 KT-THUONG'!$C:$R,'2.2 KT-THUONG'!Q$5,0) -> 50000000 | BM12: =VLOOKUP($D12,'2.2 KT-THUONG'!$C:$R,'2.2 KT-THUONG'!R$5,0) -> 0 | BO12: =SUM(BD12:BN12) -> 1.162759e+08 | BP12: =$BP$6 -> 600000 | BQ12: =BC12 -> 20.5 | BR12: 22.5 | BS12: =BP12/BR12*BQ12 -> 546666.67 | BT12: =BL12 -> 50000000 | BU12: =BM12 -> 0 | BV12: =BN12 -> 0 | BW12: =VLOOKUP(D12,'2.3 KT-GIAM TRU'!C:U,17,0) -> 0 | BX12: =CT12 -> 480000 | BY12: =CU12 -> 90000 | BZ12: =CV12 -> 60000 | CB12: =IF(BQ12>0,$CB$6,0) -> 9000000 | CC12: =VLOOKUP(D12,'2.3 KT-GIAM TRU'!C:V,20,0) -> 0 | CD12: =CC12*$CD$6 -> 0 | CE12: =SUM(CB12,CD12) -> 9000000 | CF12: =MAX(0,BO12-SUM(BS12,BT12:BW12,BX12:CA12,CE12)) -> 56099235 | CG12: =IF(CF12>'2.1 KT-Update ty le'!$A$16,CF12*'2.1 KT-Update ty le'!$B$17-'2.1 KT-Update ty le'!$E$17,IF(CF12>'2.1 KT-Update ty le'!$A$15, CF12*'2.1 KT-Update ty le'!$B$16-'2.1 KT-Update ty le'!$E$16,IF(CF12>'2.1 KT-Update ty le'!$A$14, CF12*'2.1 KT-Update ty le'!$B$15-'2.1 KT-Update ty le'!$E$15,IF(CF12>'2.1 KT-Update ty le'!$A$13, CF12*'2.1 KT-Update ty le'!$B$14-'2.1 KT-Update ty le'!$E$14,IF(CF12>'2.1 KT-Update ty le'!$A$12, CF12*'2.1 KT-Update ty le'!$B$13-'2.1 KT-Update ty le'!$E$13,IF(CF12>'2.1 KT-Update ty le'!$A$11, CF12*'2.1 KT-Update ty le'!$B$12-'2.1 KT-Update ty le'!$E$12,IF(CF12>0, CF12*'2.1 KT-Update ty le'!$B$11,0))))))) -> 10979770 | CH12: =VLOOKUP(D12,'2.3 KT-GIAM TRU'!C:V,18,0) -> 0 | CI12: =VLOOKUP(D12,'2.3 KT-GIAM TRU'!C:V,19,0) -> 0 | CJ12: =IF(CI12>0,CI12,CG12-CH12) -> 10979770 | CK12: =VLOOKUP($D12,'1.2 HR-Data luong'!$B:$V,'1.2 HR-Data luong'!S$5,0) -> 5000000 | CL12: =VLOOKUP($D12,'1.2 HR-Data luong'!$B:$V,'1.2 HR-Data luong'!T$5,0) -> 6000000 | CM12: =VLOOKUP($D12,'1.2 HR-Data luong'!$B:$V,'1.2 HR-Data luong'!U$5,0) -> 42917 | CN12: =VLOOKUP($D12,'1.2 HR-Data luong'!$B:$V,'1.2 HR-Data luong'!V$5,0) -> Tăng lương do tăng cấp | CO12: =IF(CM12>0,CL12,CK12) -> 6000000 | CP12: =$CO12*CP$6 -> 1050000 | CQ12: =$CO12*CQ$6 -> 180000 | CR12: =$CO12*CR$6 -> 60000 | CS12: =$CO12*CS$6 -> 120000 | CT12: =$CO12*CT$6 -> 480000 | CU12: =$CO12*CU$6 -> 90000 | CV12: =$CO12*CV$6 -> 60000 | CW12: =$CO12*CW$6 -> 630000 | ... DB12: =$CO12*DB$6 -> 180000 | DC12: =CW12 -> 630000 | DD12: =CX12 -> 60000 | DE12: =VLOOKUP($D12,'1.2 HR-Data luong'!$B:$BE,'1.2 HR-Data luong'!BE$5,0) -> 0 | DF12: =VLOOKUP($D12,'1.2 HR-Data luong'!$B:$BE,'1.2 HR-Data luong'!AM$5,0) -> 0 | DG12: =VLOOKUP($D12,'1.2 HR-Data luong'!$B:$BE,'1.2 HR-Data luong'!AN$5,0) -> 0 | DH12: =VLOOKUP(D12,'2.3 KT-GIAM TRU'!C:S,16,0) -> 0 | DI12: =VLOOKUP(D12,'2.3 KT-GIAM TRU'!C:S,15,0) -> 0 | DJ12: =BO12-SUM(CJ12,DC12,DD12,DE12,DF12,DG12,DH12,DI12) -> 1.0460613e+08 | DK12: =IF(N12="OFF",0,"X") -> X | DL12: =IF(DK12="X",DJ12,0) -> 1.0460613e+08 | DM12: ADSHN170701 | DY12: =DJ12-SUM(DL12,DO12,DR12,DU12,DX12) -> 0 | EB12: =VLOOKUP(D12,'1.1 HR-Ho so nhan su'!B:AR,39,0) -> 2. TPB | EC12: =VLOOKUP(D12,'1.1 HR-Ho so nhan su'!B:AR,40,0) -> TPB005 | ED12: =VLOOKUP(D12,'1.1 HR-Ho so nhan su'!B:AR,41,0) -> Nguyễn Văn E | EE12: =VLOOKUP(D12,'1.1 HR-Ho so nhan su'!B:AR,42,0) -> KHB | EF12: =VLOOKUP(D12,'1.1 HR-Ho so nhan su'!B:AR,43,0) -> HN | EG12: =VLOOKUP(D12,'1.1 HR-Ho so nhan su'!B:AS,44,0) -> 0
A13: 2017.07 | B13: 6 | C13: ADS | D13: =VLOOKUP($B13,'1.2 HR-Data luong'!$A:$AD,'1.2 HR-Data luong'!B$5+1,0) -> ADS06 | E13: =VLOOKUP($B13,'1.2 HR-Data luong'!$A:$AD,'1.2 HR-Data luong'!C$5+1,0) -> BD03 SG | F13: =VLOOKUP($B13,'1.2 HR-Data luong'!$A:$AD,'1.2 HR-Data luong'!D$5+1,0) -> NguyenVanF | G13: =VLOOKUP($B13,'1.2 HR-Data luong'!$A:$AD,'1.2 HR-Data luong'!E$5+1,0) -> Nguyễn Văn F | H13: =VLOOKUP($B13,'1.2 HR-Data luong'!$A:$AD,'1.2 HR-Data luong'!F$5+1,0) -> HCM | I13: =VLOOKUP($B13,'1.2 HR-Data luong'!$A:$AD,'1.2 HR-Data luong'!G$5+1,0) -> Trưởng phòng | J13: =VLOOKUP($B13,'1.2 HR-Data luong'!$A:$AD,'1.2 HR-Data luong'!H$5+1,0) -> TP C3 | K13: =VLOOKUP($B13,'1.2 HR-Data luong'!$A:$AD,'1.2 HR-Data luong'!I$5+1,0) -> CT | ... M13: =VLOOKUP($B13,'1.2 HR-Data luong'!$A:$AD,'1.2 HR-Data luong'!K$5+1,0) -> bom@novaon.vn | N13: =VLOOKUP($D13,'1.2 HR-Data luong'!$B:$BG,'1.2 HR-Data luong'!BF$5,0) -> ON | O13: =VLOOKUP($D13,'1.2 HR-Data luong'!$B:$BG,'1.2 HR-Data luong'!L$5,0) -> 6000000 | P13: =VLOOKUP($D13,'1.2 HR-Data luong'!$B:$BG,'1.2 HR-Data luong'!M$5,0) -> 0 | Q13: =VLOOKUP($D13,'1.2 HR-Data luong'!$B:$BG,'1.2 HR-Data luong'!N$5,0) -> 0 | R13: =VLOOKUP($D13,'1.2 HR-Data luong'!$B:$BG,'1.2 HR-Data luong'!O$5,0) -> 0 | S13: =VLOOKUP($D13,'1.2 HR-Data luong'!$B:$BG,'1.2 HR-Data luong'!P$5,0) -> 22.5 | T13: =VLOOKUP($D13,'1.2 HR-Data luong'!$B:$BG,'1.2 HR-Data luong'!Q$5,0) -> 0 | U13: =VLOOKUP($D13,'1.2 HR-Data luong'!$B:$BG,'1.2 HR-Data luong'!R$5,0) -> 22.5 | V13: =VLOOKUP($D13,'1.2 HR-Data luong'!$B:$BG,'1.2 HR-Data luong'!W$5,0) -> 0.06 | W13: =VLOOKUP($D13,'1.2 HR-Data luong'!$B:$BG,'1.2 HR-Data luong'!X$5,0) -> 0 | X13: =VLOOKUP($D13,'1.2 HR-Data luong'!$B:$BG,'1.2 HR-Data luong'!Y$5,0) -> 0 | Y13: =VLOOKUP($D13,'1.2 HR-Data luong'!$B:$BG,'1.2 HR-Data luong'!Z$5,0) -> 0 | Z13: =VLOOKUP($D13,'1.2 HR-Data luong'!$B:$BG,'1.2 HR-Data luong'!AA$5,0) -> 22.5 | AA13: =VLOOKUP($D13,'1.2 HR-Data luong'!$B:$BG,'1.2 HR-Data luong'!AB$5,0) -> 0 | AB13: =VLOOKUP($D13,'1.2 HR-Data luong'!$B:$BG,'1.2 HR-Data luong'!AC$5,0) -> 22.5 | AC13: =O13 -> 6000000 | AD13: =V13 -> 0.06 | AE13: =MIN(S13,Z13) -> 22.5 | AF13: =AC13 -> 6000000 | AG13: =IF(X13>0,W13,V13) -> 0.06 | AH13: =MAX(0,S13-AE13) -> 0 | AI13: =P13 -> 0 | AJ13: =V13 -> 0.06 | AK13: =MAX(0,Z13-AE13) -> 0 | AL13: =P13 -> 0 | AM13: =IF(X13>0,W13,V13) -> 0.06 | AN13: =MAX(0,AA13-AH13) -> 0 | AO13: =(AC13*AD13*AE13+AF13*AG13*AH13+AI13*AJ13*AK13+AL13*AM13*AN13)/(AE13+AH13+AK13+AN13) -> 360000 | AP13: =(O13*S13+P13*T13)/U13 -> 6000000 | AQ13: =VLOOKUP(D13,'3.2 ERP-PC THAM NIEN'!C:AK,35,0) -> 360000 | AR13: =SUM(AP13:AQ13) -> 6360000 | AS13: =VLOOKUP(D13,'1.2 HR-Data luong'!B:AK,34,0) -> 0 | AT13: =VLOOKUP($D13,'1.2 HR-Data luong'!$B:$BG,'1.2 HR-Data luong'!AD$5,0) -> 200000 | AU13: =VLOOKUP($D13,'1.2 HR-Data luong'!$B:$BG,'1.2 HR-Data luong'!AE$5,0) -> 22.5 | AV13: =VLOOKUP($D13,'1.2 HR-Data luong'!B:R,'1.2 HR-Data luong'!R$5,0) -> 22.5 | AW13: =AT13*AU13/AV13 -> 200000 | AX13: =VLOOKUP($D13,'1.2 HR-Data luong'!$B:$BG,'1.2 HR-Data luong'!AF$5,0) -> 200000 | AY13: =VLOOKUP($D13,'1.2 HR-Data luong'!$B:$BG,'1.2 HR-Data luong'!AG$5,0) -> 22.5 | AZ13: =AV13 -> 22.5 | BA13: =AX13*AY13/AZ13 -> 200000 | BB13: 0 | BC13: =VLOOKUP(D13,'1.2 HR-Data luong'!B:R,17,0) -> 22.5 | BD13: =AR13/$BC$4*BC13 -> 6360000 | BE13: =SUM(AS13,AW13,BA13,BB13)/$BC$4*BC13 -> 400000 | BF13: =VLOOKUP($D13,'2.2 KT-THUONG'!$C:$R,'2.2 KT-THUONG'!K$5,0) -> 300000 | BG13: =VLOOKUP($D13,'2.2 KT-THUONG'!$C:$R,'2.2 KT-THUONG'!L$5,0) -> 6000000 | BH13: =VLOOKUP($D13,'2.2 KT-THUONG'!$C:$R,'2.2 KT-THUONG'!M$5,0) -> 600000 | BI13: =VLOOKUP($D13,'2.2 KT-THUONG'!$C:$R,'2.2 KT-THUONG'!N$5,0) -> 0 | BJ13: =VLOOKUP($D13,'2.2 KT-THUONG'!$C:$R,'2.2 KT-THUONG'!O$5,0) -> 60000000 | BK13: =VLOOKUP($D13,'2.2 KT-THUONG'!$C:$R,'2.2 KT-THUONG'!P$5,0) -> 0 | BL13: =VLOOKUP($D13,'2.2 KT-THUONG'!$C:$R,'2.2 KT-THUONG'!Q$5,0) -> 50000000 | BM13: =VLOOKUP($D13,'2.2 KT-THUONG'!$C:$R,'2.2 KT-THUONG'!R$5,0) -> 0 | BO13: =SUM(BD13:BN13) -> 123660000 | BP13: =$BP$6 -> 600000 | BQ13: =BC13 -> 22.5 | BR13: 22.5 | BS13: =BP13/BR13*BQ13 -> 600000 | BT13: =BL13 -> 50000000 | BU13: =BM13 -> 0 | BV13: =BN13 -> 0 | BW13: =VLOOKUP(D13,'2.3 KT-GIAM TRU'!C:U,17,0) -> 0 | BX13: =CT13 -> 480000 | BY13: =CU13 -> 90000 | BZ13: =CV13 -> 60000 | CB13: =IF(BQ13>0,$CB$6,0) -> 9000000 | CC13: =VLOOKUP(D13,'2.3 KT-GIAM TRU'!C:V,20,0) -> 0 | CD13: =CC13*$CD$6 -> 0 | CE13: =SUM(CB13,CD13) -> 9000000 | CF13: =MAX(0,BO13-SUM(BS13,BT13:BW13,BX13:CA13,CE13)) -> 63430000 | CG13: =IF(CF13>'2.1 KT-Update ty le'!$A$16,CF13*'2.1 KT-Update ty le'!$B$17-'2.1 KT-Update ty le'!$E$17,IF(CF13>'2.1 KT-Update ty le'!$A$15, CF13*'2.1 KT-Update ty le'!$B$16-'2.1 KT-Update ty le'!$E$16,IF(CF13>'2.1 KT-Update ty le'!$A$14, CF13*'2.1 KT-Update ty le'!$B$15-'2.1 KT-Update ty le'!$E$15,IF(CF13>'2.1 KT-Update ty le'!$A$13, CF13*'2.1 KT-Update ty le'!$B$14-'2.1 KT-Update ty le'!$E$14,IF(CF13>'2.1 KT-Update ty le'!$A$12, CF13*'2.1 KT-Update ty le'!$B$13-'2.1 KT-Update ty le'!$E$13,IF(CF13>'2.1 KT-Update ty le'!$A$11, CF13*'2.1 KT-Update ty le'!$B$12-'2.1 KT-Update ty le'!$E$12,IF(CF13>0, CF13*'2.1 KT-Update ty le'!$B$11,0))))))) -> 13179000 | CH13: =VLOOKUP(D13,'2.3 KT-GIAM TRU'!C:V,18,0) -> 0 | CI13: =VLOOKUP(D13,'2.3 KT-GIAM TRU'!C:V,19,0) -> 0 | CJ13: =IF(CI13>0,CI13,CG13-CH13) -> 13179000 | CK13: =VLOOKUP($D13,'1.2 HR-Data luong'!$B:$V,'1.2 HR-Data luong'!S$5,0) -> 6000000 | CL13: =VLOOKUP($D13,'1.2 HR-Data luong'!$B:$V,'1.2 HR-Data luong'!T$5,0) -> 0 | CM13: =VLOOKUP($D13,'1.2 HR-Data luong'!$B:$V,'1.2 HR-Data luong'!U$5,0) -> 0 | CN13: =VLOOKUP($D13,'1.2 HR-Data luong'!$B:$V,'1.2 HR-Data luong'!V$5,0) -> 0 | CO13: =IF(CM13>0,CL13,CK13) -> 6000000 | CP13: =$CO13*CP$6 -> 1050000 | CQ13: =$CO13*CQ$6 -> 180000 | CR13: =$CO13*CR$6 -> 60000 | CS13: =$CO13*CS$6 -> 120000 | CT13: =$CO13*CT$6 -> 480000 | CU13: =$CO13*CU$6 -> 90000 | CV13: =$CO13*CV$6 -> 60000 | CW13: =$CO13*CW$6 -> 630000 | ... DB13: =$CO13*DB$6 -> 180000 | DC13: =CW13 -> 630000 | DD13: =CX13 -> 60000 | DE13: =VLOOKUP($D13,'1.2 HR-Data luong'!$B:$BE,'1.2 HR-Data luong'!BE$5,0) -> 0 | DF13: =VLOOKUP($D13,'1.2 HR-Data luong'!$B:$BE,'1.2 HR-Data luong'!AM$5,0) -> 0 | DG13: =VLOOKUP($D13,'1.2 HR-Data luong'!$B:$BE,'1.2 HR-Data luong'!AN$5,0) -> 0 | DH13: =VLOOKUP(D13,'2.3 KT-GIAM TRU'!C:S,16,0) -> 0 | DI13: =VLOOKUP(D13,'2.3 KT-GIAM TRU'!C:S,15,0) -> 0 | DJ13: =BO13-SUM(CJ13,DC13,DD13,DE13,DF13,DG13,DH13,DI13) -> 109791000 | DK13: =IF(N13="OFF",0,"X") -> X | DL13: =IF(DK13="X",DJ13,0) -> 109791000 | DM13: ADSHN170701 | DY13: =DJ13-SUM(DL13,DO13,DR13,DU13,DX13) -> 0 | EB13: =VLOOKUP(D13,'1.1 HR-Ho so nhan su'!B:AR,39,0) -> 2. TPB | EC13: =VLOOKUP(D13,'1.1 HR-Ho so nhan su'!B:AR,40,0) -> TPB006 | ED13: =VLOOKUP(D13,'1.1 HR-Ho so nhan su'!B:AR,41,0) -> Nguyễn Văn F | EE13: =VLOOKUP(D13,'1.1 HR-Ho so nhan su'!B:AR,42,0) -> KHB | EF13: =VLOOKUP(D13,'1.1 HR-Ho so nhan su'!B:AR,43,0) -> HN | EG13: =VLOOKUP(D13,'1.1 HR-Ho so nhan su'!B:AS,44,0) -> 0
